-- phpMyAdmin SQL Dump
-- version 4.9.5
-- https://www.phpmyadmin.net/
--
-- Host: localhost:3306
-- Generation Time: Feb 12, 2021 at 08:21 PM
-- Server version: 10.2.36-MariaDB-cll-lve
-- PHP Version: 7.3.6

SET SQL_MODE = "NO_AUTO_VALUE_ON_ZERO";
SET AUTOCOMMIT = 0;
START TRANSACTION;
SET time_zone = "+00:00";


/*!40101 SET @OLD_CHARACTER_SET_CLIENT=@@CHARACTER_SET_CLIENT */;
/*!40101 SET @OLD_CHARACTER_SET_RESULTS=@@CHARACTER_SET_RESULTS */;
/*!40101 SET @OLD_COLLATION_CONNECTION=@@COLLATION_CONNECTION */;
/*!40101 SET NAMES utf8mb4 */;

--
-- Database: `smpganes_db_ganesa`
--

-- --------------------------------------------------------

--
-- Table structure for table `absen`
--

CREATE TABLE `absen` (
  `id_absen` int(11) NOT NULL,
  `kd_guru` varchar(3) NOT NULL,
  `nis` varchar(9) NOT NULL,
  `id_hari` int(11) NOT NULL,
  `id_jampel` int(11) NOT NULL,
  `id_kelas` int(11) NOT NULL,
  `tanggal_absen` date NOT NULL,
  `jam_absen` varchar(6) NOT NULL
) ENGINE=InnoDB DEFAULT CHARSET=latin1;

--
-- Dumping data for table `absen`
--

INSERT INTO `absen` (`id_absen`, `kd_guru`, `nis`, `id_hari`, `id_jampel`, `id_kelas`, `tanggal_absen`, `jam_absen`) VALUES
(1, '002', '181907002', 3, 4, 4, '2020-11-18', '09:40'),
(2, '015', '181907003', 3, 1, 4, '2020-11-18', '10:27'),
(3, '015', '181907003', 3, 2, 4, '2020-11-18', '10:27'),
(4, '015', '181907003', 3, 3, 4, '2020-11-18', '10:27'),
(5, '012', '181907002', 3, 7, 4, '2020-11-18', '19:50'),
(6, '012', '181907002', 3, 8, 4, '2020-11-18', '19:50'),
(7, '012', '181907002', 3, 9, 4, '2020-11-18', '19:50'),
(8, '013', '181907004', 4, 1, 4, '2020-11-18', '02:00'),
(9, '013', '181907004', 4, 2, 4, '2020-11-18', '02:00'),
(10, '013', '181907004', 4, 5, 4, '2020-11-18', '02:00'),
(11, '012', '192007055', 5, 10, 3, '2020-11-20', '10:06'),
(12, '012', '192007055', 5, 11, 3, '2020-11-20', '10:06'),
(13, '012', '192007055', 5, 12, 3, '2020-11-20', '10:06'),
(14, '014', '192007049', 3, 1, 3, '2020-12-23', '11:01'),
(15, '014', '192007049', 3, 2, 3, '2020-12-23', '11:01'),
(18, '002', '192007002', 2, 4, 7, '2021-01-05', '09:11'),
(19, '002', '192007002', 2, 5, 7, '2021-01-05', '09:11'),
(22, '002', '192007002', 2, 6, 7, '2021-01-05', '09:11'),
(24, '002', '192007002', 4, 1, 7, '2021-01-07', '07:05'),
(25, '002', '192007002', 4, 2, 7, '2021-01-07', '07:05'),
(26, '002', '192007002', 2, 4, 7, '2021-01-12', '09:11'),
(27, '002', '192007002', 2, 5, 7, '2021-01-12', '09:11'),
(28, '002', '192007002', 2, 6, 7, '2021-01-12', '09:11'),
(29, '002', '192007002', 4, 1, 7, '2021-01-14', '07:05'),
(30, '002', '192007002', 4, 2, 7, '2021-01-14', '07:05'),
(33, '002', '192007002', 2, 4, 7, '2021-01-19', '09:11'),
(34, '002', '192007002', 2, 5, 7, '2021-01-19', '09:11'),
(35, '002', '192007002', 2, 6, 7, '2021-01-19', '09:11'),
(36, '002', '192007002', 4, 1, 7, '2021-01-21', '07:05'),
(37, '002', '192007002', 4, 2, 7, '2021-01-21', '07:05'),
(38, '002', '192007002', 2, 4, 7, '2021-01-26', '09:11'),
(39, '002', '192007002', 2, 5, 7, '2021-01-26', '09:11'),
(40, '002', '192007002', 2, 6, 7, '2021-01-26', '09:11'),
(41, '002', '192007002', 4, 1, 7, '2021-01-28', '07:05'),
(42, '002', '192007002', 4, 2, 7, '2021-01-28', '07:05'),
(43, '002', '192007002', 2, 4, 7, '2021-02-02', '09:11'),
(44, '002', '192007002', 2, 5, 7, '2021-02-02', '09:11'),
(45, '002', '192007002', 2, 6, 7, '2021-02-02', '09:11'),
(46, '002', '192007002', 4, 1, 7, '2021-02-04', '07:05'),
(47, '002', '192007002', 4, 2, 7, '2021-02-04', '07:05'),
(48, '002', '192007002', 2, 4, 7, '2021-02-09', '09:11'),
(49, '002', '192007002', 2, 5, 7, '2021-02-09', '09:11'),
(50, '002', '192007002', 2, 6, 7, '2021-02-09', '09:11'),
(51, '002', '192007002', 4, 1, 7, '2021-02-11', '07:05'),
(52, '002', '192007002', 4, 2, 7, '2021-02-11', '07:05'),
(53, '002', '192007002', 2, 4, 7, '2021-02-16', '09:11'),
(54, '002', '192007002', 2, 5, 7, '2021-02-16', '09:11'),
(55, '002', '192007002', 2, 6, 7, '2021-02-16', '09:11'),
(56, '002', '192007002', 4, 1, 7, '2021-02-18', '07:05'),
(57, '002', '192007002', 4, 2, 7, '2021-02-18', '07:05'),
(58, '002', '192007002', 2, 4, 7, '2021-02-23', '09:11'),
(59, '002', '192007002', 2, 5, 7, '2021-02-23', '09:11'),
(60, '002', '192007002', 2, 6, 7, '2021-02-23', '09:11'),
(61, '002', '192007002', 4, 1, 7, '2021-02-25', '07:05'),
(62, '002', '192007002', 4, 2, 7, '2021-02-25', '07:05'),
(63, '002', '192007002', 2, 4, 7, '2021-03-02', '09:11'),
(64, '002', '192007002', 2, 5, 7, '2021-03-02', '09:11'),
(65, '002', '192007002', 2, 6, 7, '2021-03-02', '09:11'),
(66, '002', '192007002', 4, 1, 7, '2021-03-04', '07:05'),
(67, '002', '192007002', 4, 2, 7, '2021-03-04', '07:05'),
(68, '002', '192007002', 2, 4, 7, '2021-03-09', '09:11'),
(69, '002', '192007002', 2, 5, 7, '2021-03-09', '09:11'),
(70, '002', '192007002', 2, 6, 7, '2021-03-09', '09:11'),
(71, '002', '192007002', 4, 1, 7, '2021-03-11', '07:05'),
(72, '002', '192007002', 4, 2, 7, '2021-03-11', '07:05'),
(73, '002', '192007002', 2, 4, 7, '2021-03-16', '09:11'),
(74, '002', '192007002', 2, 5, 7, '2021-03-16', '09:11'),
(75, '002', '192007002', 2, 6, 7, '2021-03-16', '09:11'),
(76, '002', '192007002', 4, 1, 7, '2021-03-18', '07:05'),
(77, '002', '192007002', 4, 2, 7, '2021-03-18', '07:05'),
(78, '002', '192007002', 2, 4, 7, '2021-03-23', '09:11'),
(79, '002', '192007002', 2, 5, 7, '2021-03-23', '09:11'),
(80, '002', '192007002', 2, 6, 7, '2021-03-23', '09:11'),
(81, '002', '192007002', 4, 1, 7, '2021-03-25', '07:05'),
(82, '002', '192007002', 4, 2, 7, '2021-03-25', '07:05'),
(83, '002', '192007002', 2, 4, 7, '2021-03-30', '09:11'),
(84, '002', '192007002', 2, 5, 7, '2021-03-30', '09:11'),
(85, '002', '192007002', 4, 6, 7, '2021-03-30', '09:11'),
(86, '003', '192007002', 4, 6, 7, '2021-01-07', '10:52'),
(87, '003', '192007002', 4, 7, 7, '2021-01-07', '10:52'),
(88, '003', '192007002', 4, 8, 7, '2021-01-07', '10:52'),
(89, '003', '192007002', 4, 6, 7, '2021-01-14', '10:52'),
(90, '003', '192007002', 4, 7, 7, '2021-01-14', '10:52'),
(91, '003', '192007002', 4, 8, 7, '2021-01-14', '10:52'),
(92, '003', '192007002', 4, 6, 7, '2021-01-21', '10:52'),
(93, '003', '192007002', 4, 7, 7, '2021-01-21', '10:52'),
(94, '003', '192007002', 4, 8, 7, '2021-01-21', '10:52'),
(95, '003', '192007002', 4, 6, 7, '2021-01-28', '10:52'),
(96, '003', '192007002', 4, 7, 7, '2021-01-28', '10:52'),
(97, '003', '192007002', 4, 8, 7, '2021-01-28', '10:52'),
(98, '003', '192007002', 4, 6, 7, '2021-02-04', '10:52'),
(99, '003', '192007002', 4, 7, 7, '2021-02-04', '10:52'),
(100, '003', '192007002', 4, 8, 7, '2021-02-04', '10:52'),
(101, '003', '192007002', 4, 6, 7, '2021-02-11', '10:52'),
(102, '003', '192007002', 4, 7, 7, '2021-02-11', '10:52'),
(103, '003', '192007002', 4, 8, 7, '2021-02-11', '10:52'),
(104, '003', '192007002', 4, 6, 7, '2021-02-18', '10:52'),
(105, '003', '192007002', 4, 7, 7, '2021-02-18', '10:52'),
(106, '003', '192007002', 4, 8, 7, '2021-02-18', '10:52'),
(107, '003', '192007002', 4, 6, 7, '2021-02-25', '10:52'),
(108, '003', '192007002', 4, 7, 7, '2021-02-25', '10:52'),
(109, '003', '192007002', 4, 8, 7, '2021-02-25', '10:52'),
(110, '003', '192007002', 4, 6, 7, '2021-03-04', '10:52'),
(111, '003', '192007002', 4, 7, 7, '2021-03-04', '10:52'),
(112, '003', '192007002', 4, 8, 7, '2021-03-04', '10:52'),
(113, '003', '192007002', 4, 6, 7, '2021-03-11', '10:52'),
(114, '003', '192007002', 4, 7, 7, '2021-03-11', '10:52'),
(115, '003', '192007002', 4, 8, 7, '2021-03-11', '10:52'),
(116, '003', '192007002', 4, 6, 7, '2021-03-18', '10:52'),
(117, '003', '192007002', 4, 7, 7, '2021-03-18', '10:52'),
(118, '003', '192007002', 4, 8, 7, '2021-03-18', '10:52'),
(119, '003', '192007002', 4, 6, 7, '2021-03-25', '10:52'),
(120, '003', '192007002', 4, 7, 7, '2021-03-25', '10:52'),
(121, '003', '192007002', 4, 8, 7, '2021-03-25', '10:52'),
(122, '012', '192007002', 2, 1, 7, '2021-01-05', '07:05'),
(123, '012', '192007002', 2, 2, 7, '2021-01-05', '07:05'),
(124, '012', '192007002', 2, 3, 7, '2021-01-05', '07:05'),
(125, '012', '192007002', 4, 3, 7, '2021-01-07', '08:35'),
(126, '012', '192007002', 4, 4, 7, '2021-01-07', '08:35'),
(127, '012', '192007002', 4, 5, 7, '2021-01-07', '08:35'),
(128, '012', '192007002', 2, 1, 7, '2021-01-12', '07:05'),
(129, '012', '192007002', 2, 2, 7, '2021-01-12', '07:05'),
(130, '012', '192007002', 2, 3, 7, '2021-01-12', '07:05'),
(131, '012', '192007002', 4, 3, 7, '2021-01-14', '08:35'),
(132, '012', '192007002', 4, 4, 7, '2021-01-14', '08:35'),
(133, '012', '192007002', 4, 5, 7, '2021-01-14', '08:35'),
(134, '012', '192007002', 2, 1, 7, '2021-01-19', '07:05'),
(135, '012', '192007002', 2, 2, 7, '2021-01-19', '07:05'),
(136, '012', '192007002', 2, 3, 7, '2021-01-19', '07:05'),
(137, '012', '192007002', 4, 3, 7, '2021-01-21', '08:35'),
(138, '012', '192007002', 4, 4, 7, '2021-01-21', '08:35'),
(139, '012', '192007002', 4, 5, 7, '2021-01-21', '08:35'),
(140, '012', '192007002', 2, 1, 7, '2021-01-26', '07:05'),
(141, '012', '192007002', 2, 2, 7, '2021-01-26', '07:05'),
(142, '012', '192007002', 2, 3, 7, '2021-01-26', '07:05'),
(143, '012', '192007002', 4, 3, 7, '2021-01-28', '08:35'),
(144, '012', '192007002', 4, 4, 7, '2021-01-28', '08:35'),
(145, '012', '192007002', 4, 5, 7, '2021-01-28', '08:35'),
(146, '012', '192007002', 2, 1, 7, '2021-02-02', '07:05'),
(147, '012', '192007002', 2, 2, 7, '2021-02-02', '07:05'),
(148, '012', '192007002', 2, 3, 7, '2021-02-02', '07:05'),
(149, '012', '192007002', 4, 3, 7, '2021-02-04', '08:35'),
(150, '012', '192007002', 4, 4, 7, '2021-02-04', '08:35'),
(151, '012', '192007002', 4, 5, 7, '2021-02-04', '08:35'),
(152, '012', '192007002', 2, 1, 7, '2021-02-09', '07:05'),
(153, '012', '192007002', 2, 2, 7, '2021-02-09', '07:05'),
(154, '012', '192007002', 2, 3, 7, '2021-02-09', '07:05'),
(155, '012', '192007002', 4, 3, 7, '2021-02-11', '08:35'),
(156, '012', '192007002', 4, 4, 7, '2021-02-11', '08:35'),
(157, '012', '192007002', 4, 5, 7, '2021-02-11', '08:35'),
(158, '012', '192007002', 2, 1, 7, '2021-02-16', '07:05'),
(159, '012', '192007002', 2, 2, 7, '2021-02-16', '07:05'),
(160, '012', '192007002', 2, 3, 7, '2021-02-16', '07:05'),
(161, '012', '192007002', 4, 3, 7, '2021-02-18', '08:35'),
(162, '012', '192007002', 4, 4, 7, '2021-02-18', '08:35'),
(163, '012', '192007002', 4, 5, 7, '2021-02-18', '08:35'),
(164, '012', '192007002', 2, 1, 7, '2021-02-23', '07:05'),
(165, '012', '192007002', 2, 2, 7, '2021-02-23', '07:05'),
(166, '012', '192007002', 2, 3, 7, '2021-02-23', '07:05'),
(167, '012', '192007002', 4, 3, 7, '2021-02-25', '08:35'),
(168, '012', '192007002', 4, 4, 7, '2021-02-25', '08:35'),
(169, '012', '192007002', 4, 5, 7, '2021-02-25', '08:35'),
(170, '012', '192007002', 2, 1, 7, '2021-03-02', '07:05'),
(171, '012', '192007002', 2, 2, 7, '2021-03-02', '07:05'),
(172, '012', '192007002', 2, 3, 7, '2021-03-02', '07:05'),
(173, '012', '192007002', 4, 3, 7, '2021-03-04', '08:35'),
(174, '012', '192007002', 4, 4, 7, '2021-03-04', '08:35'),
(175, '012', '192007002', 4, 5, 7, '2021-03-04', '08:35'),
(176, '012', '192007002', 2, 1, 7, '2021-03-09', '07:05'),
(177, '012', '192007002', 2, 2, 7, '2021-03-09', '07:05'),
(178, '012', '192007002', 2, 3, 7, '2021-03-09', '07:05'),
(179, '012', '192007002', 4, 3, 7, '2021-03-11', '08:35'),
(180, '012', '192007002', 4, 4, 7, '2021-03-11', '08:35'),
(181, '012', '192007002', 4, 5, 7, '2021-03-11', '08:35'),
(182, '012', '192007002', 2, 1, 7, '2021-03-16', '07:05'),
(183, '012', '192007002', 2, 2, 7, '2021-03-16', '07:05'),
(184, '012', '192007002', 2, 3, 7, '2021-03-16', '07:05'),
(185, '012', '192007002', 4, 3, 7, '2021-03-18', '08:35'),
(186, '012', '192007002', 4, 4, 7, '2021-03-18', '08:35'),
(187, '012', '192007002', 4, 5, 7, '2021-03-18', '08:35'),
(188, '012', '192007002', 2, 1, 7, '2021-03-23', '07:05'),
(189, '012', '192007002', 2, 2, 7, '2021-03-23', '07:05'),
(190, '012', '192007002', 2, 3, 7, '2021-03-23', '07:05'),
(191, '012', '192007002', 4, 3, 7, '2021-03-25', '08:35'),
(192, '012', '192007002', 4, 4, 7, '2021-03-25', '08:35'),
(193, '012', '192007002', 4, 5, 7, '2021-03-25', '08:35'),
(194, '012', '192007002', 2, 1, 7, '2021-03-30', '07:05'),
(195, '012', '192007002', 2, 2, 7, '2021-03-30', '07:05'),
(196, '012', '192007002', 2, 3, 7, '2021-03-30', '07:05'),
(197, '005', '192007002', 3, 8, 7, '2021-01-06', '12:45'),
(198, '005', '192007002', 3, 9, 7, '2021-01-06', '12:45'),
(199, '005', '192007002', 5, 10, 7, '2021-01-08', '07:05'),
(200, '005', '192007002', 5, 11, 7, '2021-01-08', '07:05'),
(201, '005', '192007002', 3, 8, 7, '2021-01-13', '12:45'),
(202, '005', '192007002', 3, 9, 7, '2021-01-13', '12:45'),
(203, '005', '192007002', 5, 10, 7, '2021-01-15', '07:05'),
(204, '005', '192007002', 5, 11, 7, '2021-01-15', '07:05'),
(205, '005', '192007002', 3, 8, 7, '2021-01-20', '12:45'),
(206, '005', '192007002', 3, 9, 7, '2021-01-20', '12:45'),
(207, '005', '192007002', 5, 10, 7, '2021-01-22', '07:05'),
(208, '005', '192007002', 5, 11, 7, '2021-01-22', '07:05'),
(209, '005', '192007002', 3, 8, 7, '2021-01-27', '12:45'),
(210, '005', '192007002', 3, 9, 7, '2021-01-27', '12:45'),
(211, '005', '192007002', 5, 10, 7, '2021-01-29', '07:05'),
(212, '005', '192007002', 5, 11, 7, '2021-01-29', '07:05'),
(213, '005', '192007002', 3, 8, 7, '2021-02-03', '12:45'),
(214, '005', '192007002', 3, 9, 7, '2021-02-03', '12:45'),
(215, '005', '192007002', 5, 10, 7, '2021-02-05', '07:05'),
(216, '005', '192007002', 5, 11, 7, '2021-02-05', '07:05'),
(217, '005', '192007002', 3, 8, 7, '2021-02-10', '12:45'),
(218, '005', '192007002', 3, 9, 7, '2021-02-10', '12:45'),
(219, '005', '192007002', 5, 10, 7, '2021-02-12', '07:05'),
(220, '005', '192007002', 5, 11, 7, '2021-02-12', '07:05'),
(221, '005', '192007002', 3, 8, 7, '2021-02-17', '12:45'),
(222, '005', '192007002', 3, 9, 7, '2021-02-17', '12:45'),
(223, '005', '192007002', 5, 10, 7, '2021-02-19', '07:05'),
(224, '005', '192007002', 5, 11, 7, '2021-02-19', '07:05'),
(225, '005', '192007002', 3, 8, 7, '2021-02-24', '12:45'),
(226, '005', '192007002', 3, 9, 7, '2021-02-24', '12:45'),
(227, '005', '192007002', 5, 10, 7, '2021-02-26', '07:05'),
(228, '005', '192007002', 5, 11, 7, '2021-02-26', '07:05'),
(229, '005', '192007002', 3, 8, 7, '2021-03-03', '12:45'),
(230, '005', '192007002', 3, 9, 7, '2021-03-03', '12:45'),
(231, '005', '192007002', 5, 10, 7, '2021-03-05', '07:05'),
(232, '005', '192007002', 5, 11, 7, '2021-03-05', '07:05'),
(233, '005', '192007002', 3, 8, 7, '2021-03-10', '12:45'),
(234, '005', '192007002', 3, 9, 7, '2021-03-10', '12:45'),
(235, '005', '192007002', 5, 10, 7, '2021-03-12', '07:05'),
(236, '005', '192007002', 5, 11, 7, '2021-03-12', '07:05'),
(237, '005', '192007002', 3, 8, 7, '2021-03-17', '12:45'),
(238, '005', '192007002', 3, 9, 7, '2021-03-17', '12:45'),
(239, '005', '192007002', 5, 10, 7, '2021-03-19', '07:05'),
(240, '005', '192007002', 5, 11, 7, '2021-03-19', '07:05'),
(241, '005', '192007002', 3, 8, 7, '2021-03-24', '12:45'),
(242, '005', '192007002', 3, 9, 7, '2021-03-24', '12:45'),
(243, '005', '192007002', 5, 10, 7, '2021-03-26', '07:05'),
(244, '005', '192007002', 5, 11, 7, '2021-03-26', '07:05'),
(245, '005', '192007002', 3, 8, 7, '2021-03-31', '12:45'),
(246, '005', '192007002', 3, 9, 7, '2021-03-31', '12:45'),
(247, '013', '192007002', 1, 9, 7, '2021-01-04', '13:25'),
(248, '013', '192007002', 1, 9, 7, '2021-01-11', '13:25'),
(249, '013', '192007002', 1, 9, 7, '2021-01-18', '13:25'),
(250, '013', '192007002', 1, 9, 7, '2021-01-25', '13:25'),
(251, '013', '192007002', 1, 9, 7, '2021-02-01', '13:25'),
(252, '013', '192007002', 1, 9, 7, '2021-02-08', '13:25'),
(253, '013', '192007002', 1, 9, 7, '2021-02-15', '13:25'),
(254, '013', '192007002', 1, 9, 7, '2021-02-22', '13:25'),
(255, '013', '192007002', 1, 9, 7, '2021-03-01', '13:25'),
(256, '013', '192007002', 1, 9, 7, '2021-03-08', '13:25'),
(257, '013', '192007002', 1, 9, 7, '2021-03-15', '13:25'),
(258, '013', '192007002', 1, 9, 7, '2021-03-22', '13:25'),
(259, '013', '192007002', 1, 9, 7, '2021-03-29', '13:25'),
(260, '013', '192007002', 3, 1, 7, '2021-01-06', '07:05'),
(261, '013', '192007002', 3, 2, 7, '2021-01-06', '07:05'),
(262, '013', '192007002', 3, 1, 7, '2021-01-13', '07:05'),
(263, '013', '192007002', 3, 2, 7, '2021-01-13', '07:05'),
(264, '013', '192007002', 3, 1, 7, '2021-01-20', '07:05'),
(265, '013', '192007002', 3, 2, 7, '2021-01-20', '07:05'),
(266, '013', '192007002', 3, 1, 7, '2021-01-27', '07:05'),
(267, '013', '192007002', 3, 2, 7, '2021-01-27', '07:05'),
(268, '013', '192007002', 3, 1, 7, '2021-02-03', '07:05'),
(269, '013', '192007002', 3, 2, 7, '2021-02-03', '07:05'),
(270, '013', '192007002', 3, 1, 7, '2021-02-10', '07:05'),
(271, '013', '192007002', 3, 2, 7, '2021-02-10', '07:05'),
(272, '013', '192007002', 3, 1, 7, '2021-02-17', '07:05'),
(273, '013', '192007002', 3, 2, 7, '2021-02-17', '07:05'),
(274, '013', '192007002', 3, 1, 7, '2021-02-24', '07:05'),
(275, '013', '192007002', 3, 2, 7, '2021-02-24', '07:05'),
(276, '013', '192007002', 3, 1, 7, '2021-03-03', '07:05'),
(277, '013', '192007002', 3, 2, 7, '2021-03-03', '07:05'),
(278, '013', '192007002', 3, 1, 7, '2021-03-10', '07:05'),
(279, '013', '192007002', 3, 2, 7, '2021-03-10', '07:05'),
(280, '013', '192007002', 3, 1, 7, '2021-03-17', '07:05'),
(281, '013', '192007002', 3, 2, 7, '2021-03-17', '07:05'),
(282, '013', '192007002', 3, 1, 7, '2021-03-24', '07:05'),
(283, '013', '192007002', 3, 2, 7, '2021-03-24', '07:05'),
(284, '013', '192007002', 3, 1, 7, '2021-03-31', '07:05'),
(285, '013', '192007002', 3, 2, 7, '2021-03-31', '07:05'),
(286, '013', '192007002', 5, 14, 7, '2021-01-08', '10:05'),
(287, '013', '192007002', 5, 15, 7, '2021-01-08', '10:05'),
(288, '013', '192007002', 5, 14, 7, '2021-01-15', '10:05'),
(289, '013', '192007002', 5, 15, 7, '2021-01-15', '10:05'),
(290, '013', '192007002', 5, 14, 7, '2021-01-22', '10:05'),
(291, '013', '192007002', 5, 15, 7, '2021-01-22', '10:05'),
(292, '013', '192007002', 5, 14, 7, '2021-01-29', '10:05'),
(293, '013', '192007002', 5, 15, 7, '2021-01-29', '10:05'),
(294, '013', '192007002', 5, 14, 7, '2021-02-05', '10:05'),
(295, '013', '192007002', 5, 15, 7, '2021-02-05', '10:05'),
(296, '013', '192007002', 5, 14, 7, '2021-02-12', '10:05'),
(297, '015', '192007002', 5, 15, 7, '2021-02-12', '10:05'),
(298, '013', '192007002', 5, 14, 7, '2021-02-19', '10:05'),
(299, '013', '192007002', 5, 15, 7, '2021-02-19', '10:05'),
(300, '013', '192007002', 5, 14, 7, '2021-02-26', '10:05'),
(301, '013', '192007002', 5, 15, 7, '2021-02-26', '10:05'),
(302, '013', '192007002', 5, 14, 7, '2021-03-05', '10:05'),
(303, '013', '192007002', 5, 15, 7, '2021-03-05', '10:05'),
(304, '013', '192007002', 5, 14, 7, '2021-03-12', '10:05'),
(305, '013', '192007002', 5, 15, 7, '2021-03-12', '10:05'),
(306, '013', '192007002', 5, 14, 7, '2021-03-19', '10:05'),
(307, '013', '192007002', 5, 15, 7, '2021-03-19', '10:05'),
(308, '013', '192007002', 5, 14, 7, '2021-03-26', '10:05'),
(309, '013', '192007002', 5, 15, 7, '2021-03-26', '10:05'),
(310, '009', '192007002', 1, 2, 7, '2021-01-04', '07:55'),
(311, '009', '192007002', 1, 3, 7, '2021-01-04', '07:55'),
(312, '009', '192007002', 1, 4, 7, '2021-01-04', '07:55'),
(313, '009', '192007002', 1, 2, 7, '2021-01-11', '07:55'),
(314, '009', '192007002', 1, 3, 7, '2021-01-11', '07:55'),
(315, '009', '192007002', 1, 4, 7, '2021-01-11', '07:55'),
(316, '009', '192007002', 1, 2, 7, '2021-01-18', '07:55'),
(317, '009', '192007002', 1, 3, 7, '2021-01-18', '07:55'),
(318, '009', '192007002', 1, 4, 7, '2021-01-18', '07:55'),
(319, '009', '192007002', 1, 2, 7, '2021-01-25', '07:55'),
(320, '009', '192007002', 1, 3, 7, '2021-01-25', '07:55'),
(321, '009', '192007002', 1, 4, 7, '2021-01-25', '07:55'),
(322, '009', '192007002', 1, 2, 7, '2021-02-01', '07:55'),
(323, '009', '192007002', 1, 3, 7, '2021-02-01', '07:55'),
(324, '009', '192007002', 1, 4, 7, '2021-02-01', '07:55'),
(325, '009', '192007002', 1, 2, 7, '2021-02-08', '07:55'),
(326, '009', '192007002', 1, 3, 7, '2021-02-08', '07:55'),
(327, '009', '192007002', 1, 4, 7, '2021-02-08', '07:55'),
(328, '009', '192007002', 1, 2, 7, '2021-02-15', '07:55'),
(329, '009', '192007002', 1, 3, 7, '2021-02-15', '07:55'),
(330, '009', '192007002', 1, 4, 7, '2021-02-15', '07:55'),
(331, '009', '192007002', 1, 2, 7, '2021-02-22', '07:55'),
(332, '009', '192007002', 1, 3, 7, '2021-02-22', '07:55'),
(333, '009', '192007002', 1, 4, 7, '2021-02-22', '07:55'),
(385, '009', '192007002', 1, 2, 7, '2021-03-01', '07:55'),
(386, '009', '192007002', 1, 3, 7, '2021-03-01', '07:55'),
(387, '009', '192007002', 1, 4, 7, '2021-03-01', '07:55'),
(388, '009', '192007002', 1, 2, 7, '2021-03-08', '07:55'),
(389, '009', '192007002', 1, 3, 7, '2021-03-08', '07:55'),
(390, '009', '192007002', 1, 4, 7, '2021-03-08', '07:55'),
(391, '009', '192007002', 1, 2, 7, '2021-03-15', '07:55'),
(392, '009', '192007002', 1, 3, 7, '2021-03-15', '07:55'),
(393, '009', '192007002', 1, 4, 7, '2021-03-15', '07:55'),
(394, '009', '192007002', 1, 2, 7, '2021-03-22', '07:55'),
(395, '009', '192007002', 1, 3, 7, '2021-03-22', '07:55'),
(396, '009', '192007002', 1, 4, 7, '2021-03-22', '07:55'),
(397, '009', '192007002', 1, 2, 7, '2021-03-29', '07:55'),
(398, '009', '192007002', 1, 3, 7, '2021-03-29', '07:55'),
(399, '009', '192007002', 1, 4, 7, '2021-03-29', '07:55'),
(400, '014', '192007002', 1, 7, 7, '2021-01-04', '11:35'),
(401, '014', '192007002', 1, 8, 7, '2021-01-04', '11:35'),
(402, '014', '192007002', 1, 7, 7, '2021-01-11', '11:35'),
(403, '014', '192007002', 1, 8, 7, '2021-01-11', '11:35'),
(404, '014', '192007002', 1, 7, 7, '2021-01-18', '11:35'),
(405, '014', '192007002', 1, 8, 7, '2021-01-18', '11:35'),
(406, '014', '192007002', 1, 7, 7, '2021-01-25', '11:35'),
(407, '014', '192007002', 1, 8, 7, '2021-01-25', '11:35'),
(408, '014', '192007002', 3, 3, 7, '2021-01-06', '08:35'),
(409, '014', '192007002', 3, 4, 7, '2021-01-06', '08:35'),
(410, '014', '192007002', 3, 5, 7, '2021-01-06', '08:35'),
(411, '014', '192007002', 3, 3, 7, '2021-01-13', '08:35'),
(412, '014', '192007002', 3, 4, 7, '2021-01-13', '08:35'),
(413, '014', '192007002', 3, 5, 7, '2021-01-13', '08:35'),
(414, '014', '192007002', 3, 3, 7, '2021-01-20', '08:35'),
(415, '014', '192007002', 3, 4, 7, '2021-01-20', '08:35'),
(416, '014', '192007002', 3, 5, 7, '2021-01-20', '08:35'),
(417, '014', '192007002', 3, 3, 7, '2021-01-27', '08:35'),
(418, '014', '192007002', 3, 4, 7, '2021-01-27', '08:35'),
(419, '014', '192007002', 3, 5, 7, '2021-01-27', '08:35'),
(420, '014', '192007002', 5, 12, 7, '2021-01-08', '08:25'),
(421, '014', '192007002', 5, 13, 7, '2021-01-08', '08:25'),
(422, '014', '192007002', 5, 12, 7, '2021-01-15', '08:25'),
(423, '014', '192007002', 5, 13, 7, '2021-01-15', '08:25'),
(424, '014', '192007002', 5, 12, 7, '2021-01-22', '08:25'),
(425, '014', '192007002', 5, 13, 7, '2021-01-22', '08:25'),
(426, '014', '192007002', 5, 12, 7, '2021-01-29', '08:25'),
(427, '014', '192007002', 5, 13, 7, '2021-01-29', '08:25'),
(428, '014', '192007002', 1, 7, 7, '2021-02-01', '11:35'),
(429, '014', '192007002', 1, 8, 7, '2021-02-01', '11:35'),
(430, '014', '192007002', 1, 7, 7, '2021-02-08', '11:35'),
(431, '014', '192007002', 1, 8, 7, '2021-02-08', '11:35'),
(432, '014', '192007002', 1, 7, 7, '2021-02-15', '11:35'),
(433, '014', '192007002', 1, 8, 7, '2021-02-15', '11:35'),
(434, '014', '192007002', 1, 7, 7, '2021-02-22', '11:35'),
(435, '014', '192007002', 1, 8, 7, '2021-02-22', '11:35'),
(436, '014', '192007002', 1, 7, 7, '2021-03-01', '11:35'),
(437, '014', '192007002', 1, 8, 7, '2021-03-01', '11:35'),
(438, '014', '192007002', 1, 7, 7, '2021-03-08', '11:35'),
(439, '014', '192007002', 1, 8, 7, '2021-03-08', '11:35'),
(440, '014', '192007002', 1, 7, 7, '2021-03-15', '11:35'),
(441, '014', '192007002', 1, 8, 7, '2021-03-15', '11:35'),
(442, '014', '192007002', 1, 7, 7, '2021-03-22', '11:35'),
(443, '014', '192007002', 1, 8, 7, '2021-03-22', '11:35'),
(444, '014', '192007002', 1, 7, 7, '2021-03-29', '11:35'),
(445, '014', '192007002', 1, 8, 7, '2021-03-29', '11:35'),
(446, '014', '192007002', 3, 3, 7, '2021-02-03', '08:35'),
(447, '014', '192007002', 3, 4, 7, '2021-02-03', '08:35'),
(448, '014', '192007002', 3, 5, 7, '2021-02-03', '08:35'),
(449, '014', '192007002', 3, 3, 7, '2021-02-10', '08:35'),
(450, '014', '192007002', 3, 4, 7, '2021-02-10', '08:35'),
(451, '014', '192007002', 3, 5, 7, '2021-02-10', '08:35'),
(452, '014', '192007002', 3, 3, 7, '2021-02-17', '08:35'),
(453, '014', '192007002', 3, 4, 7, '2021-02-17', '08:35'),
(454, '014', '192007002', 3, 5, 7, '2021-02-17', '08:35'),
(455, '014', '192007002', 3, 3, 7, '2021-02-24', '08:35'),
(456, '014', '192007002', 3, 4, 7, '2021-02-24', '08:35'),
(457, '014', '192007002', 3, 5, 7, '2021-02-24', '08:35'),
(458, '014', '192007002', 3, 3, 7, '2021-03-03', '08:35'),
(459, '014', '192007002', 3, 4, 7, '2021-03-03', '08:35'),
(460, '014', '192007002', 3, 5, 7, '2021-03-03', '08:35'),
(461, '014', '192007002', 3, 3, 7, '2021-03-10', '08:35'),
(462, '014', '192007002', 3, 4, 7, '2021-03-10', '08:35'),
(463, '014', '192007002', 3, 5, 7, '2021-03-10', '08:35'),
(464, '014', '192007002', 3, 3, 7, '2021-03-17', '08:35'),
(465, '014', '192007002', 3, 4, 7, '2021-03-17', '08:35'),
(466, '014', '192007002', 3, 5, 7, '2021-03-17', '08:35'),
(467, '014', '192007002', 3, 3, 7, '2021-03-24', '08:35'),
(468, '014', '192007002', 3, 4, 7, '2021-03-24', '08:35'),
(469, '014', '192007002', 3, 5, 7, '2021-03-24', '08:35'),
(470, '014', '192007002', 3, 3, 7, '2021-03-31', '08:35'),
(471, '014', '192007002', 3, 4, 7, '2021-03-31', '08:35'),
(472, '014', '192007002', 3, 5, 7, '2021-03-31', '08:35'),
(473, '014', '192007002', 5, 12, 7, '2021-02-05', '08:25'),
(474, '014', '192007002', 5, 13, 7, '2021-02-05', '08:25'),
(475, '014', '192007002', 5, 12, 7, '2021-02-12', '08:25'),
(476, '014', '192007002', 5, 13, 7, '2021-02-12', '08:25'),
(477, '014', '192007002', 5, 12, 7, '2021-02-19', '08:25'),
(478, '014', '192007002', 5, 13, 7, '2021-02-19', '08:25'),
(479, '014', '192007002', 5, 12, 7, '2021-02-26', '08:25'),
(480, '014', '192007002', 5, 13, 7, '2021-02-26', '08:25'),
(481, '014', '192007002', 5, 12, 7, '2021-03-05', '08:25'),
(482, '014', '192007002', 5, 13, 7, '2021-03-05', '08:25'),
(483, '014', '192007002', 5, 12, 7, '2021-03-12', '08:25'),
(484, '014', '192007002', 5, 13, 7, '2021-03-12', '08:25'),
(485, '014', '192007002', 5, 12, 7, '2021-03-19', '08:25'),
(486, '014', '192007002', 5, 13, 7, '2021-03-19', '08:25'),
(487, '014', '192007002', 5, 12, 7, '2021-03-26', '08:25'),
(488, '014', '192007002', 5, 13, 7, '2021-03-26', '08:25'),
(489, '015', '192007002', 2, 7, 7, '2021-01-05', '11:35'),
(490, '015', '192007002', 2, 8, 7, '2021-01-05', '11:35'),
(491, '015', '192007002', 2, 9, 7, '2021-01-05', '11:35'),
(492, '015', '192007002', 2, 7, 7, '2021-01-12', '11:35'),
(493, '015', '192007002', 2, 8, 7, '2021-01-12', '11:35'),
(494, '015', '192007002', 2, 9, 7, '2021-01-12', '11:35'),
(495, '015', '192007002', 2, 7, 7, '2021-01-19', '11:35'),
(496, '015', '192007002', 2, 8, 7, '2021-01-19', '11:35'),
(497, '015', '192007002', 2, 9, 7, '2021-01-19', '11:35'),
(498, '015', '192007002', 2, 7, 7, '2021-01-26', '11:35'),
(499, '015', '192007002', 2, 8, 7, '2021-01-26', '11:35'),
(500, '015', '192007002', 2, 9, 7, '2021-01-26', '11:35'),
(501, '015', '192007002', 2, 7, 7, '2021-02-02', '11:35'),
(502, '015', '192007002', 2, 8, 7, '2021-02-02', '11:35'),
(503, '015', '192007002', 2, 9, 7, '2021-02-02', '11:35'),
(504, '015', '192007002', 2, 7, 7, '2021-02-09', '11:35'),
(505, '015', '192007002', 2, 8, 7, '2021-02-09', '11:35'),
(506, '015', '192007002', 2, 9, 7, '2021-02-09', '11:35'),
(507, '015', '192007002', 2, 7, 7, '2021-02-16', '11:35'),
(508, '015', '192007002', 2, 8, 7, '2021-02-16', '11:35'),
(509, '015', '192007002', 2, 9, 7, '2021-02-16', '11:35'),
(510, '015', '192007002', 2, 7, 7, '2021-02-23', '11:35'),
(511, '015', '192007002', 2, 8, 7, '2021-02-23', '11:35'),
(512, '015', '192007002', 2, 9, 7, '2021-02-23', '11:35'),
(513, '015', '192007002', 2, 7, 7, '2021-03-02', '11:35'),
(514, '015', '192007002', 2, 8, 7, '2021-03-02', '11:35'),
(515, '015', '192007002', 2, 9, 7, '2021-03-02', '11:35'),
(516, '015', '192007002', 2, 7, 7, '2021-03-09', '11:35'),
(517, '015', '192007002', 2, 8, 7, '2021-03-09', '11:35'),
(518, '015', '192007002', 2, 9, 7, '2021-03-09', '11:35'),
(519, '015', '192007002', 2, 7, 7, '2021-03-16', '11:35'),
(520, '015', '192007002', 2, 8, 7, '2021-03-16', '11:35'),
(521, '015', '192007002', 2, 9, 7, '2021-03-16', '11:35'),
(522, '015', '192007002', 2, 7, 7, '2021-03-23', '11:35'),
(523, '015', '192007002', 2, 8, 7, '2021-03-23', '11:35'),
(524, '015', '192007002', 2, 9, 7, '2021-03-23', '11:35'),
(525, '015', '192007002', 2, 7, 7, '2021-03-30', '11:35'),
(526, '015', '192007002', 2, 8, 7, '2021-03-30', '11:35'),
(527, '015', '192007002', 2, 9, 7, '2021-03-30', '11:35'),
(528, '004', '192007002', 1, 5, 7, '2021-01-04', '10:15'),
(529, '004', '192007002', 1, 6, 7, '2021-01-04', '10:15'),
(530, '004', '192007002', 1, 5, 7, '2021-01-11', '10:15'),
(531, '004', '192007002', 1, 6, 7, '2021-01-11', '10:15'),
(532, '004', '192007002', 1, 5, 7, '2021-01-18', '10:15'),
(533, '004', '192007002', 1, 6, 7, '2021-01-18', '10:15'),
(534, '004', '192007002', 1, 5, 7, '2021-01-25', '10:15'),
(535, '004', '192007002', 1, 6, 7, '2021-01-25', '10:15'),
(536, '004', '192007002', 1, 5, 7, '2021-02-01', '10:15'),
(537, '004', '192007002', 1, 6, 7, '2021-02-01', '10:15'),
(538, '004', '192007002', 1, 5, 7, '2021-02-08', '10:15'),
(539, '004', '192007002', 1, 6, 7, '2021-02-08', '10:15'),
(540, '004', '192007002', 1, 5, 7, '2021-02-15', '10:15'),
(541, '004', '192007002', 1, 6, 7, '2021-02-15', '10:15'),
(542, '004', '192007002', 1, 5, 7, '2021-02-22', '10:15'),
(543, '004', '192007002', 1, 6, 7, '2021-02-22', '10:15'),
(544, '004', '192007002', 1, 5, 7, '2021-03-01', '10:15'),
(545, '004', '192007002', 1, 6, 7, '2021-03-01', '10:15'),
(546, '004', '192007002', 1, 5, 7, '2021-03-08', '10:15'),
(547, '004', '192007002', 1, 6, 7, '2021-03-08', '10:15'),
(548, '004', '192007002', 1, 5, 7, '2021-03-15', '10:15'),
(549, '004', '192007002', 1, 6, 7, '2021-03-15', '10:15'),
(550, '004', '192007002', 1, 5, 7, '2021-03-22', '10:15'),
(551, '004', '192007002', 1, 6, 7, '2021-03-22', '10:15'),
(552, '004', '192007002', 1, 5, 7, '2021-03-29', '10:15'),
(553, '004', '192007002', 1, 6, 7, '2021-03-29', '10:15'),
(554, '004', '192007002', 3, 6, 7, '2021-01-06', '10:52'),
(555, '004', '192007002', 3, 7, 7, '2021-01-06', '10:52'),
(556, '004', '192007002', 3, 6, 7, '2021-01-13', '10:52'),
(557, '004', '192007002', 3, 7, 7, '2021-01-13', '10:52'),
(558, '004', '192007002', 3, 6, 7, '2021-01-20', '10:52'),
(559, '004', '192007002', 3, 7, 7, '2021-01-20', '10:52'),
(560, '004', '192007002', 3, 6, 7, '2021-01-27', '10:52'),
(561, '004', '192007002', 3, 7, 7, '2021-01-27', '10:52'),
(562, '004', '192007002', 3, 6, 7, '2021-02-03', '10:52'),
(563, '004', '192007002', 3, 7, 7, '2021-02-03', '10:52'),
(564, '005', '192007002', 3, 6, 7, '2021-02-10', '10:52'),
(565, '004', '192007002', 3, 7, 7, '2021-02-10', '10:52'),
(566, '004', '192007002', 3, 6, 7, '2021-02-17', '10:52'),
(567, '004', '192007002', 3, 7, 7, '2021-02-17', '10:52'),
(568, '004', '192007002', 3, 6, 7, '2021-02-24', '10:52'),
(569, '004', '192007002', 3, 7, 7, '2021-02-24', '10:52'),
(570, '004', '192007002', 3, 6, 7, '2021-03-03', '10:52'),
(571, '004', '192007002', 3, 7, 7, '2021-03-03', '10:52'),
(572, '004', '192007002', 3, 6, 7, '2021-03-10', '10:52'),
(573, '004', '192007002', 3, 7, 7, '2021-03-10', '10:52'),
(574, '004', '192007002', 3, 6, 7, '2021-03-17', '10:52'),
(575, '004', '192007002', 3, 7, 7, '2021-02-17', '10:52'),
(576, '004', '192007002', 3, 6, 7, '2021-03-24', '10:52'),
(577, '004', '192007002', 3, 7, 7, '2021-03-24', '10:52'),
(578, '004', '192007002', 3, 6, 7, '2021-03-31', '10:52'),
(579, '004', '192007002', 3, 7, 7, '2021-03-31', '10:52'),
(580, '015', '192007025', 4, 1, 6, '2021-01-07', '07:05'),
(581, '015', '192007025', 4, 2, 6, '2021-01-07', '07:05'),
(582, '015', '192007025', 4, 3, 6, '2021-01-07', '07:05'),
(583, '015', '192007025', 4, 1, 6, '2021-01-14', '07:05'),
(584, '015', '192007025', 4, 2, 6, '2021-01-14', '07:05'),
(585, '015', '192007025', 4, 3, 6, '2021-01-14', '07:05'),
(586, '015', '192007025', 4, 1, 6, '2021-01-21', '07:05'),
(587, '015', '192007025', 4, 2, 6, '2021-01-21', '07:05'),
(588, '015', '192007025', 4, 3, 6, '2021-01-21', '07:05'),
(589, '015', '192007025', 4, 1, 6, '2021-01-28', '07:05'),
(590, '015', '192007025', 4, 2, 6, '2021-01-28', '07:05'),
(591, '015', '192007025', 4, 3, 6, '2021-01-28', '07:05'),
(592, '015', '192007025', 4, 1, 6, '2021-02-04', '07:05'),
(593, '015', '192007025', 4, 2, 6, '2021-02-04', '07:05'),
(594, '015', '192007025', 4, 3, 6, '2021-02-04', '07:05'),
(595, '015', '192007025', 4, 1, 6, '2021-02-11', '07:05'),
(596, '015', '192007025', 4, 2, 6, '2021-02-11', '07:05'),
(597, '015', '192007025', 4, 3, 6, '2021-02-11', '07:05'),
(598, '015', '192007025', 4, 1, 6, '2021-02-18', '07:05'),
(599, '015', '192007025', 4, 2, 6, '2021-02-18', '07:05'),
(600, '015', '192007025', 4, 3, 6, '2021-02-18', '07:05'),
(601, '015', '192007025', 4, 1, 6, '2021-02-25', '07:05'),
(602, '015', '192007025', 4, 2, 6, '2021-02-25', '07:05'),
(603, '015', '192007025', 4, 3, 6, '2021-02-25', '07:05'),
(604, '015', '192007025', 4, 1, 6, '2021-03-04', '07:05'),
(605, '015', '192007025', 4, 2, 6, '2021-03-04', '07:05'),
(606, '015', '192007025', 4, 3, 6, '2021-03-04', '07:05'),
(607, '015', '192007025', 4, 1, 6, '2021-03-11', '07:05'),
(608, '015', '192007025', 4, 2, 6, '2021-03-11', '07:05'),
(609, '015', '192007025', 4, 3, 6, '2021-03-11', '07:05'),
(610, '015', '192007025', 4, 1, 6, '2021-03-18', '07:05'),
(611, '015', '192007025', 4, 2, 6, '2021-03-18', '07:05'),
(612, '015', '192007025', 4, 3, 6, '2021-03-18', '07:05'),
(613, '015', '192007025', 4, 1, 6, '2021-03-25', '07:05'),
(614, '015', '192007025', 4, 2, 6, '2021-03-25', '07:05'),
(615, '015', '192007025', 4, 3, 6, '2021-03-25', '07:05'),
(622, '015', '192007005', 2, 7, 7, '2021-01-05', '11:35'),
(623, '015', '192007005', 2, 8, 7, '2021-01-05', '11:35'),
(624, '015', '192007005', 2, 9, 7, '2021-01-05', '11:35'),
(625, '015', '192007005', 2, 7, 7, '2021-01-12', '11:35'),
(626, '015', '192007005', 2, 8, 7, '2021-01-12', '11:35'),
(627, '015', '192007005', 2, 9, 7, '2021-01-12', '11:35'),
(628, '015', '192007005', 2, 7, 7, '2021-01-19', '11:35'),
(629, '015', '192007005', 2, 8, 7, '2021-01-19', '11:35'),
(630, '015', '192007005', 2, 9, 7, '2021-01-19', '11:35'),
(631, '015', '192007005', 2, 7, 7, '2021-01-26', '11:35'),
(632, '015', '192007005', 2, 8, 7, '2021-01-26', '11:35'),
(633, '015', '192007005', 2, 9, 7, '2021-01-26', '11:35'),
(634, '015', '192007005', 2, 7, 7, '2021-02-02', '11:35'),
(635, '015', '192007005', 2, 8, 7, '2021-02-02', '11:35'),
(636, '015', '192007005', 2, 9, 7, '2021-02-02', '11:35'),
(637, '015', '192007005', 2, 7, 7, '2021-02-09', '11:35'),
(638, '015', '192007005', 2, 8, 7, '2021-02-09', '11:35'),
(639, '015', '192007005', 2, 9, 7, '2021-02-09', '11:35'),
(640, '015', '192007005', 2, 7, 7, '2021-02-16', '11:35'),
(641, '015', '192007005', 2, 8, 7, '2021-02-16', '11:35'),
(642, '015', '192007005', 2, 9, 7, '2021-02-16', '11:35'),
(643, '015', '192007005', 2, 7, 7, '2021-02-23', '11:35'),
(644, '015', '192007005', 2, 8, 7, '2021-02-23', '11:35'),
(645, '015', '192007005', 2, 9, 7, '2021-02-23', '11:35'),
(646, '015', '192007005', 2, 7, 7, '2021-03-02', '11:35'),
(647, '015', '192007005', 2, 8, 7, '2021-03-02', '11:35'),
(648, '015', '192007005', 2, 9, 7, '2021-03-02', '11:35'),
(649, '015', '192007005', 2, 7, 7, '2021-03-09', '11:35'),
(650, '015', '192007005', 2, 8, 7, '2021-03-09', '11:35'),
(651, '015', '192007005', 2, 9, 7, '2021-03-09', '11:35'),
(652, '015', '192007005', 2, 7, 7, '2021-03-16', '11:35'),
(653, '015', '192007005', 2, 8, 7, '2021-03-16', '11:35'),
(654, '015', '192007005', 2, 9, 7, '2021-03-16', '11:35'),
(655, '015', '192007005', 2, 7, 7, '2021-03-23', '11:35'),
(656, '015', '192007005', 2, 8, 7, '2021-03-23', '11:35'),
(657, '015', '192007005', 2, 9, 7, '2021-03-23', '11:35'),
(658, '015', '192007005', 2, 7, 7, '2021-03-30', '11:35'),
(659, '015', '192007005', 2, 8, 7, '2021-03-30', '11:35'),
(660, '015', '192007005', 2, 9, 7, '2021-03-30', '11:35'),
(661, '007', '192007025', 2, 7, 6, '2021-01-05', '11:35'),
(662, '007', '192007025', 2, 8, 6, '2021-01-05', '11:35'),
(663, '007', '192007025', 2, 9, 6, '2021-01-05', '11:35'),
(664, '007', '192007025', 2, 7, 6, '2021-01-12', '11:35'),
(665, '007', '192007025', 2, 8, 6, '2021-01-12', '11:35'),
(666, '007', '192007025', 2, 9, 6, '2021-01-12', '11:35'),
(667, '007', '192007025', 2, 7, 6, '2021-01-19', '11:35'),
(668, '007', '192007025', 2, 8, 6, '2021-01-19', '11:35'),
(669, '007', '192007025', 2, 9, 6, '2021-01-19', '11:35'),
(670, '007', '192007025', 2, 7, 6, '2021-01-26', '11:35'),
(671, '007', '192007025', 2, 8, 6, '2021-01-26', '11:35'),
(672, '007', '192007025', 2, 9, 6, '2021-01-26', '11:35'),
(673, '007', '192007025', 2, 7, 6, '2021-02-02', '11:35'),
(674, '007', '192007025', 2, 8, 6, '2021-02-02', '11:35'),
(675, '007', '192007025', 2, 9, 6, '2021-02-02', '11:35'),
(676, '007', '192007025', 2, 7, 6, '2021-02-09', '11:35'),
(677, '007', '192007025', 2, 8, 6, '2021-02-09', '11:35'),
(678, '007', '192007025', 2, 9, 6, '2021-02-09', '11:35'),
(679, '007', '192007025', 2, 7, 6, '2021-02-16', '11:35'),
(680, '007', '192007025', 2, 8, 6, '2021-02-16', '11:35'),
(681, '007', '192007025', 2, 9, 6, '2021-02-16', '11:35'),
(682, '007', '192007025', 2, 7, 6, '2021-02-23', '11:35'),
(683, '007', '192007025', 2, 8, 6, '2021-02-23', '11:35'),
(684, '007', '192007025', 2, 9, 6, '2021-02-23', '11:35'),
(685, '007', '192007025', 2, 7, 6, '2021-03-02', '11:35'),
(686, '007', '192007025', 2, 8, 6, '2021-03-02', '11:35'),
(687, '007', '192007025', 2, 9, 6, '2021-03-02', '11:35'),
(688, '007', '192007025', 2, 7, 6, '2021-03-09', '11:35'),
(689, '007', '192007025', 2, 8, 6, '2021-03-09', '11:35'),
(690, '007', '192007025', 2, 9, 6, '2021-03-09', '11:35'),
(691, '007', '192007025', 2, 7, 6, '2021-03-16', '11:35'),
(692, '007', '192007025', 2, 8, 6, '2021-03-16', '11:35'),
(693, '007', '192007025', 2, 9, 6, '2021-03-16', '11:35'),
(694, '007', '192007025', 2, 7, 6, '2021-03-23', '11:35'),
(695, '007', '192007025', 2, 8, 6, '2021-03-23', '11:35'),
(696, '007', '192007025', 2, 9, 6, '2021-03-23', '11:35'),
(697, '007', '192007025', 2, 7, 6, '2021-03-30', '11:35'),
(698, '007', '192007025', 2, 8, 6, '2021-03-30', '11:35'),
(699, '007', '192007025', 2, 9, 6, '2021-03-30', '11:35'),
(700, '007', '192007025', 4, 4, 6, '2021-01-07', '09:11'),
(701, '007', '192007025', 4, 5, 6, '2021-01-07', '09:11'),
(702, '007', '192007025', 4, 4, 6, '2021-01-14', '09:11'),
(703, '007', '192007025', 4, 5, 6, '2021-01-14', '09:11'),
(704, '007', '192007025', 4, 4, 6, '2021-01-21', '09:11'),
(705, '007', '192007025', 4, 5, 6, '2021-01-21', '09:11'),
(706, '007', '192007025', 4, 4, 6, '2021-01-28', '09:11'),
(707, '007', '192007025', 4, 5, 6, '2021-01-28', '09:11'),
(708, '007', '192007025', 4, 4, 6, '2021-02-04', '09:11'),
(709, '007', '192007025', 4, 5, 6, '2021-02-04', '09:11'),
(710, '007', '192007025', 4, 4, 6, '2021-02-11', '09:11'),
(711, '007', '192007025', 4, 5, 6, '2021-02-11', '09:11'),
(712, '007', '192007025', 4, 4, 6, '2021-02-18', '09:11'),
(713, '007', '192007025', 4, 5, 6, '2021-02-18', '09:11'),
(714, '007', '192007025', 4, 4, 6, '2021-02-25', '09:11'),
(715, '007', '192007025', 4, 5, 6, '2021-02-25', '09:11'),
(716, '007', '192007025', 4, 4, 6, '2021-03-04', '09:11'),
(717, '007', '192007025', 4, 5, 6, '2021-03-04', '09:11'),
(718, '007', '192007025', 4, 4, 6, '2021-03-11', '09:11'),
(719, '007', '192007025', 4, 5, 6, '2021-03-11', '09:11'),
(720, '007', '192007025', 4, 4, 6, '2021-03-18', '09:11'),
(721, '007', '192007025', 4, 5, 6, '2021-03-18', '09:11'),
(722, '007', '192007025', 4, 4, 6, '2021-03-25', '09:11'),
(723, '007', '192007025', 4, 5, 6, '2021-03-25', '09:11'),
(724, '002', '181907002', 1, 4, 4, '2021-01-04', '09:11'),
(725, '002', '181907002', 1, 8, 4, '2021-01-04', '12:45'),
(726, '002', '181907002', 1, 9, 4, '2021-01-04', '12:45'),
(727, '002', '181907002', 1, 4, 4, '2021-01-11', '09:11'),
(728, '002', '181907002', 1, 8, 4, '2021-01-11', '12:45'),
(729, '002', '181907002', 1, 9, 4, '2021-01-11', '12:45'),
(730, '002', '181907002', 1, 4, 4, '2021-01-18', '09:11'),
(731, '002', '181907002', 1, 8, 4, '2021-01-18', '12:45'),
(732, '002', '181907002', 1, 9, 4, '2021-01-18', '12:45'),
(733, '002', '181907002', 1, 4, 4, '2021-01-25', '09:11'),
(734, '002', '181907002', 1, 8, 4, '2021-01-25', '12:45'),
(735, '002', '181907002', 1, 9, 4, '2021-01-25', '12:45'),
(736, '002', '181907002', 1, 4, 4, '2021-02-01', '09:11'),
(737, '002', '181907002', 1, 8, 4, '2021-02-01', '12:45'),
(738, '002', '181907002', 1, 9, 4, '2021-02-01', '12:45'),
(739, '002', '181907002', 1, 4, 4, '2021-02-08', '09:11'),
(740, '002', '181907002', 1, 8, 4, '2021-02-08', '12:45'),
(741, '002', '181907002', 1, 9, 4, '2021-02-08', '12:45'),
(742, '002', '181907002', 1, 4, 4, '2021-02-15', '09:11'),
(743, '002', '181907002', 1, 8, 4, '2021-02-15', '12:45'),
(744, '002', '181907002', 1, 9, 4, '2021-02-15', '12:45'),
(745, '002', '181907002', 1, 4, 4, '2021-02-22', '09:11'),
(746, '002', '181907002', 1, 8, 4, '2021-02-22', '12:45'),
(747, '002', '181907002', 1, 9, 4, '2021-02-22', '12:45'),
(748, '002', '181907002', 1, 4, 4, '2021-03-01', '09:11'),
(749, '002', '181907002', 1, 8, 4, '2021-03-01', '12:45'),
(750, '002', '181907002', 1, 9, 4, '2021-03-01', '12:45'),
(751, '002', '181907002', 1, 4, 4, '2021-03-08', '09:11'),
(752, '002', '181907002', 1, 8, 4, '2021-03-08', '12:45'),
(753, '002', '181907002', 1, 9, 4, '2021-03-08', '12:45'),
(754, '002', '181907002', 1, 4, 4, '2021-03-15', '09:11'),
(755, '002', '181907002', 1, 8, 4, '2021-03-15', '12:45'),
(756, '002', '181907002', 1, 9, 4, '2021-03-15', '12:45'),
(757, '002', '181907002', 1, 4, 4, '2021-03-22', '09:11'),
(758, '002', '181907002', 1, 8, 4, '2021-03-22', '12:45'),
(759, '002', '181907002', 1, 9, 4, '2021-03-22', '12:45'),
(760, '002', '181907002', 1, 4, 4, '2021-03-29', '09:11'),
(761, '002', '181907002', 1, 8, 4, '2021-03-29', '12:45'),
(762, '002', '181907002', 1, 9, 4, '2021-03-29', '12:45'),
(763, '002', '181907002', 3, 4, 4, '2021-01-06', '09:11'),
(764, '002', '181907002', 3, 4, 4, '2021-01-13', '09:11'),
(765, '002', '181907002', 3, 4, 4, '2021-01-20', '09:11'),
(766, '002', '181907002', 3, 4, 4, '2021-01-27', '09:11'),
(767, '002', '181907002', 3, 4, 4, '2021-02-03', '09:11'),
(768, '002', '181907002', 3, 4, 4, '2021-02-10', '09:11'),
(769, '002', '181907002', 3, 4, 4, '2021-02-17', '09:11'),
(770, '002', '181907002', 3, 4, 4, '2021-02-24', '09:11'),
(771, '002', '181907002', 3, 4, 4, '2021-03-03', '09:11'),
(772, '002', '181907002', 3, 4, 4, '2021-03-10', '09:11'),
(773, '002', '181907002', 3, 4, 4, '2021-03-17', '09:11'),
(774, '002', '181907002', 3, 4, 4, '2021-03-24', '09:11'),
(775, '002', '181907002', 3, 4, 4, '2021-03-31', '09:11'),
(776, '002', '181907002', 4, 6, 4, '2021-01-07', '10:52'),
(777, '002', '181907002', 4, 6, 4, '2021-01-14', '10:52'),
(778, '002', '181907002', 4, 6, 4, '2021-01-21', '10:52'),
(779, '002', '181907002', 4, 6, 4, '2021-01-28', '10:52'),
(780, '002', '181907002', 4, 6, 4, '2021-02-04', '10:52'),
(781, '002', '181907002', 4, 6, 4, '2021-02-11', '10:52'),
(782, '002', '181907002', 4, 6, 4, '2021-02-18', '10:52'),
(783, '002', '181907002', 4, 6, 4, '2021-02-25', '10:52'),
(784, '002', '181907002', 4, 6, 4, '2021-03-04', '10:52'),
(785, '002', '181907002', 4, 6, 4, '2021-03-11', '10:52'),
(786, '002', '181907002', 4, 6, 4, '2021-03-18', '10:52'),
(787, '002', '181907002', 4, 6, 4, '2021-03-25', '10:52'),
(788, '003', '181907002', 2, 1, 4, '2021-01-05', '07:05'),
(789, '003', '181907002', 2, 2, 4, '2021-01-05', '07:05'),
(790, '003', '181907002', 2, 3, 4, '2021-01-05', '07:05'),
(791, '003', '181907002', 2, 1, 4, '2021-01-12', '07:05'),
(792, '003', '181907002', 2, 2, 4, '2021-01-12', '07:05'),
(793, '003', '181907002', 2, 3, 4, '2021-01-12', '07:05'),
(794, '003', '181907002', 2, 1, 4, '2021-01-19', '07:05'),
(795, '003', '181907002', 2, 2, 4, '2021-01-19', '07:05'),
(796, '003', '181907002', 2, 3, 4, '2021-01-19', '07:05'),
(797, '003', '181907002', 2, 1, 4, '2021-01-26', '07:05'),
(798, '003', '181907002', 2, 2, 4, '2021-01-26', '07:05'),
(799, '003', '181907002', 2, 3, 4, '2021-01-26', '07:05'),
(800, '003', '181907002', 2, 1, 4, '2021-02-02', '07:05'),
(801, '003', '181907002', 2, 2, 4, '2021-02-02', '07:05'),
(802, '003', '181907002', 2, 3, 4, '2021-02-02', '07:05'),
(803, '003', '181907002', 2, 1, 4, '2021-02-09', '07:05'),
(804, '003', '181907002', 2, 2, 4, '2021-02-09', '07:05'),
(805, '003', '181907002', 2, 3, 4, '2021-02-09', '07:05'),
(806, '003', '181907002', 2, 1, 4, '2021-02-16', '07:05'),
(807, '003', '181907002', 2, 2, 4, '2021-02-16', '07:05'),
(808, '003', '181907002', 2, 3, 4, '2021-02-16', '07:05'),
(809, '003', '181907002', 2, 1, 4, '2021-02-23', '07:05'),
(810, '003', '181907002', 2, 2, 4, '2021-02-23', '07:05'),
(811, '003', '181907002', 2, 3, 4, '2021-02-23', '07:05'),
(812, '003', '181907002', 2, 1, 4, '2021-03-02', '07:05'),
(813, '003', '181907002', 2, 2, 4, '2021-03-02', '07:05'),
(814, '003', '181907002', 2, 3, 4, '2021-03-02', '07:05'),
(815, '003', '181907002', 2, 1, 4, '2021-03-09', '07:05'),
(816, '003', '181907002', 2, 2, 4, '2021-03-09', '07:05'),
(817, '003', '181907002', 2, 3, 4, '2021-03-09', '07:05'),
(818, '003', '181907002', 2, 1, 4, '2021-03-16', '07:05'),
(819, '003', '181907002', 2, 2, 4, '2021-03-16', '07:05'),
(820, '003', '181907002', 2, 3, 4, '2021-03-16', '07:05'),
(821, '003', '181907002', 2, 1, 4, '2021-03-23', '07:05'),
(822, '003', '181907002', 2, 2, 4, '2021-03-23', '07:05'),
(823, '003', '181907002', 2, 3, 4, '2021-03-23', '07:05'),
(824, '003', '181907002', 2, 1, 4, '2021-03-30', '07:05'),
(825, '003', '181907002', 2, 2, 4, '2021-03-30', '07:05'),
(826, '003', '181907002', 2, 3, 4, '2021-03-30', '07:05'),
(827, '012', '181907002', 1, 5, 4, '2021-01-04', '10:15'),
(828, '012', '181907002', 1, 6, 4, '2021-01-04', '10:15'),
(829, '012', '181907002', 1, 7, 4, '2021-01-04', '10:15'),
(830, '012', '181907002', 1, 5, 4, '2021-01-11', '10:15'),
(831, '012', '181907002', 1, 6, 4, '2021-01-11', '10:15'),
(832, '007', '181907002', 1, 7, 4, '2021-01-11', '10:15'),
(833, '012', '181907002', 1, 5, 4, '2021-01-18', '10:15'),
(834, '012', '181907002', 1, 6, 4, '2021-01-18', '10:15'),
(835, '012', '181907002', 1, 7, 4, '2021-01-18', '10:15'),
(836, '012', '181907002', 1, 5, 4, '2021-01-25', '10:15'),
(837, '012', '181907002', 1, 6, 4, '2021-01-25', '10:15'),
(838, '012', '181907002', 1, 7, 4, '2021-01-25', '10:15'),
(839, '012', '181907002', 1, 5, 4, '2021-02-01', '10:15'),
(840, '012', '181907002', 1, 6, 4, '2021-02-01', '10:15'),
(841, '012', '181907002', 1, 7, 4, '2021-02-01', '10:15'),
(842, '012', '181907002', 1, 5, 4, '2021-02-08', '10:15'),
(843, '012', '181907002', 1, 6, 4, '2021-02-08', '10:15'),
(844, '012', '181907002', 1, 7, 4, '2021-02-08', '10:15'),
(845, '012', '181907002', 1, 5, 4, '2021-02-15', '10:15'),
(846, '012', '181907002', 1, 6, 4, '2021-02-15', '10:15'),
(847, '012', '181907002', 1, 7, 4, '2021-02-15', '10:15'),
(848, '012', '181907002', 1, 5, 4, '2021-02-22', '10:15'),
(849, '012', '181907002', 1, 6, 4, '2021-02-22', '10:15'),
(850, '012', '181907002', 1, 7, 4, '2021-02-22', '10:15'),
(851, '012', '181907002', 1, 5, 4, '2021-03-01', '10:15'),
(852, '012', '181907002', 1, 6, 4, '2021-03-01', '10:15'),
(853, '012', '181907002', 1, 7, 4, '2021-03-01', '10:15'),
(854, '012', '181907002', 1, 5, 4, '2021-03-08', '10:15'),
(855, '012', '181907002', 1, 6, 4, '2021-03-08', '10:15'),
(856, '012', '181907002', 1, 7, 4, '2021-03-08', '10:15'),
(857, '012', '181907002', 1, 5, 4, '2021-03-15', '10:15'),
(858, '012', '181907002', 1, 6, 4, '2021-03-15', '10:15'),
(859, '012', '181907002', 1, 7, 4, '2021-03-15', '10:15'),
(860, '012', '181907002', 1, 5, 4, '2021-03-22', '10:15'),
(861, '012', '181907002', 1, 6, 4, '2021-03-22', '10:15'),
(862, '012', '181907002', 1, 7, 4, '2021-03-22', '10:15'),
(863, '012', '181907002', 1, 5, 4, '2021-03-29', '10:15'),
(864, '012', '181907002', 1, 6, 4, '2021-03-29', '10:15'),
(865, '012', '181907002', 1, 7, 4, '2021-03-29', '10:15'),
(866, '012', '181907002', 3, 7, 4, '2021-01-06', '11:35'),
(867, '012', '181907002', 3, 8, 4, '2021-01-06', '11:35'),
(868, '012', '181907002', 3, 9, 4, '2021-01-06', '11:35'),
(869, '012', '181907002', 3, 7, 4, '2021-01-13', '11:35'),
(870, '012', '181907002', 3, 8, 4, '2021-01-13', '11:35'),
(871, '012', '181907002', 3, 9, 4, '2021-01-13', '11:35'),
(872, '012', '181907002', 3, 7, 4, '2021-01-20', '11:35'),
(873, '012', '181907002', 3, 8, 4, '2021-01-20', '11:35'),
(874, '012', '181907002', 3, 9, 4, '2021-01-20', '11:35'),
(875, '012', '181907002', 3, 7, 4, '2021-01-27', '11:35'),
(876, '012', '181907002', 3, 8, 4, '2021-01-27', '11:35'),
(877, '012', '181907002', 3, 9, 4, '2021-01-27', '11:35'),
(878, '012', '181907002', 3, 7, 4, '2021-02-03', '11:35'),
(879, '012', '181907002', 3, 8, 4, '2021-02-03', '11:35'),
(880, '012', '181907002', 3, 9, 4, '2021-02-03', '11:35'),
(881, '012', '181907002', 3, 7, 4, '2021-02-10', '11:35'),
(882, '012', '181907002', 3, 8, 4, '2021-02-10', '11:35'),
(883, '012', '181907002', 3, 9, 4, '2021-02-10', '11:35'),
(884, '012', '181907002', 3, 7, 4, '2021-02-17', '11:35'),
(885, '012', '181907002', 3, 8, 4, '2021-02-17', '11:35'),
(886, '012', '181907002', 3, 9, 4, '2021-02-17', '11:35'),
(887, '012', '181907002', 3, 7, 4, '2021-02-24', '11:35'),
(888, '012', '181907002', 3, 8, 4, '2021-02-24', '11:35'),
(889, '012', '181907002', 3, 9, 4, '2021-02-24', '11:35'),
(890, '012', '181907002', 3, 7, 4, '2021-03-03', '11:35'),
(891, '012', '181907002', 3, 8, 4, '2021-03-03', '11:35'),
(892, '012', '181907002', 3, 9, 4, '2021-03-03', '11:35'),
(893, '012', '181907002', 3, 7, 4, '2021-03-10', '11:35'),
(894, '012', '181907002', 3, 8, 4, '2021-03-10', '11:35'),
(895, '012', '181907002', 3, 9, 4, '2021-03-10', '11:35'),
(896, '012', '181907002', 3, 7, 4, '2021-03-17', '11:35'),
(897, '013', '181907002', 3, 8, 4, '2021-03-17', '11:35'),
(898, '012', '181907002', 3, 9, 4, '2021-03-17', '11:35'),
(899, '012', '181907002', 3, 7, 4, '2021-03-24', '11:35'),
(900, '012', '181907002', 3, 8, 4, '2021-03-24', '11:35'),
(901, '012', '181907002', 3, 9, 4, '2021-03-24', '11:35'),
(902, '012', '181907002', 3, 7, 4, '2021-03-31', '11:35'),
(903, '012', '181907002', 3, 8, 4, '2021-03-31', '11:35'),
(904, '012', '181907002', 3, 9, 4, '2021-03-31', '11:35'),
(905, '008', '181907002', 1, 2, 4, '2021-01-04', '07:55'),
(906, '008', '181907002', 1, 3, 4, '2021-01-04', '07:55'),
(907, '008', '181907002', 1, 2, 4, '2021-01-11', '07:55'),
(908, '008', '181907002', 1, 3, 4, '2021-01-11', '07:55'),
(909, '008', '181907002', 1, 2, 4, '2021-01-18', '07:55'),
(910, '008', '181907002', 1, 3, 4, '2021-01-18', '07:55'),
(911, '008', '181907002', 1, 2, 4, '2021-01-25', '07:55'),
(912, '008', '181907002', 1, 3, 4, '2021-01-25', '07:55'),
(913, '008', '181907002', 1, 2, 4, '2021-02-01', '07:55'),
(914, '008', '181907002', 1, 3, 4, '2021-02-01', '07:55'),
(915, '008', '181907002', 1, 2, 4, '2021-02-08', '07:55'),
(916, '008', '181907002', 1, 3, 4, '2021-02-08', '07:55'),
(917, '008', '181907002', 1, 2, 4, '2021-02-15', '07:55'),
(918, '008', '181907002', 1, 3, 4, '2021-02-15', '07:55'),
(919, '008', '181907002', 1, 2, 6, '2021-02-22', '07:55'),
(920, '008', '181907002', 1, 3, 4, '2021-02-22', '07:55'),
(921, '008', '181907002', 1, 2, 4, '2021-03-01', '07:55'),
(922, '008', '181907002', 1, 3, 4, '2021-03-01', '07:55'),
(923, '008', '181907002', 1, 2, 4, '2021-03-08', '07:55'),
(924, '008', '181907002', 1, 3, 4, '2021-03-08', '07:55'),
(925, '008', '181907002', 1, 2, 4, '2021-03-15', '07:55'),
(926, '008', '181907002', 1, 3, 4, '2021-03-15', '07:55'),
(927, '008', '181907002', 1, 2, 4, '2021-03-22', '07:55'),
(928, '008', '181907002', 1, 3, 4, '2021-03-22', '07:55'),
(929, '008', '181907002', 1, 2, 4, '2021-03-29', '07:55'),
(930, '008', '181907002', 1, 3, 4, '2021-03-29', '07:55'),
(931, '008', '181907002', 4, 3, 4, '2021-01-07', '08:35'),
(932, '008', '181907002', 4, 4, 4, '2021-01-07', '08:35'),
(933, '008', '181907002', 4, 3, 4, '2021-01-14', '08:35'),
(934, '008', '181907002', 4, 4, 4, '2021-01-14', '08:35'),
(935, '008', '181907002', 4, 3, 4, '2021-01-21', '08:35'),
(936, '008', '181907002', 4, 4, 4, '2021-01-21', '08:35'),
(937, '008', '181907002', 4, 3, 4, '2021-01-28', '08:35'),
(938, '008', '181907002', 4, 4, 4, '2021-01-28', '08:35'),
(939, '008', '181907002', 4, 3, 4, '2021-02-04', '08:35');
INSERT INTO `absen` (`id_absen`, `kd_guru`, `nis`, `id_hari`, `id_jampel`, `id_kelas`, `tanggal_absen`, `jam_absen`) VALUES
(940, '008', '181907002', 4, 4, 4, '2021-02-04', '08:35'),
(941, '008', '181907002', 4, 3, 4, '2021-02-11', '08:35'),
(942, '008', '181907002', 4, 4, 4, '2021-02-11', '08:35'),
(943, '008', '181907002', 4, 3, 4, '2021-02-18', '08:35'),
(944, '008', '181907002', 4, 4, 4, '2021-02-18', '08:35'),
(945, '008', '181907002', 4, 3, 4, '2021-02-25', '08:35'),
(946, '008', '181907002', 4, 4, 4, '2021-02-25', '08:35'),
(947, '008', '181907002', 4, 3, 4, '2021-03-04', '08:35'),
(948, '008', '181907002', 4, 4, 4, '2021-03-04', '08:35'),
(949, '008', '181907002', 4, 3, 4, '2021-03-11', '08:35'),
(950, '008', '181907002', 4, 4, 4, '2021-03-11', '08:35'),
(951, '008', '181907002', 4, 3, 4, '2021-03-18', '08:35'),
(952, '012', '181907002', 4, 4, 4, '2021-03-18', '08:35'),
(953, '012', '181907002', 4, 3, 4, '2021-03-25', '08:35'),
(954, '008', '181907002', 4, 4, 4, '2021-03-25', '08:35'),
(955, '013', '181907002', 2, 4, 4, '2021-01-05', '09:11'),
(956, '013', '181907002', 2, 4, 4, '2021-01-12', '09:11'),
(957, '013', '181907002', 2, 4, 4, '2021-01-19', '09:11'),
(958, '013', '181907002', 2, 4, 4, '2021-01-26', '09:11'),
(959, '013', '181907002', 2, 4, 4, '2021-02-02', '09:11'),
(960, '013', '181907002', 2, 4, 4, '2021-02-09', '09:11'),
(961, '013', '181907002', 2, 4, 4, '2021-02-16', '09:11'),
(962, '013', '181907002', 2, 4, 4, '2021-02-23', '09:11'),
(963, '013', '181907002', 2, 4, 4, '2021-03-02', '09:11'),
(964, '013', '181907002', 2, 4, 4, '2021-03-09', '09:11'),
(965, '013', '181907002', 2, 4, 4, '2021-03-16', '09:11'),
(966, '013', '181907002', 2, 4, 4, '2021-03-23', '09:11'),
(967, '013', '181907002', 2, 4, 4, '2021-03-30', '09:11'),
(968, '013', '181907002', 4, 1, 4, '2021-01-07', '07:05'),
(969, '013', '181907002', 4, 2, 4, '2021-01-07', '07:05'),
(970, '013', '181907002', 4, 5, 4, '2021-01-07', '10:15'),
(971, '013', '181907002', 4, 1, 4, '2021-01-14', '07:05'),
(972, '013', '181907002', 4, 2, 4, '2021-01-14', '07:05'),
(973, '013', '181907002', 4, 5, 4, '2021-01-14', '10:15'),
(974, '013', '181907002', 4, 1, 4, '2021-01-21', '07:05'),
(975, '013', '181907002', 4, 2, 4, '2021-01-21', '07:05'),
(976, '013', '181907002', 4, 5, 4, '2021-01-21', '10:15'),
(977, '013', '181907002', 4, 1, 4, '2021-01-28', '07:05'),
(978, '013', '181907002', 4, 2, 4, '2021-01-28', '07:05'),
(979, '013', '181907002', 4, 5, 4, '2021-01-28', '10:15'),
(980, '013', '181907002', 4, 1, 4, '2021-02-04', '07:05'),
(981, '013', '181907002', 4, 2, 4, '2021-02-04', '07:05'),
(982, '013', '181907002', 4, 5, 4, '2021-02-04', '10:15'),
(983, '013', '181907002', 4, 1, 4, '2021-02-11', '07:05'),
(984, '013', '181907002', 4, 2, 4, '2021-02-11', '07:05'),
(985, '013', '181907002', 4, 5, 4, '2021-02-11', '10:15'),
(986, '013', '181907002', 4, 1, 4, '2021-02-18', '07:05'),
(987, '013', '181907002', 4, 2, 4, '2021-02-18', '07:05'),
(988, '013', '181907002', 4, 5, 4, '2021-02-18', '10:15'),
(989, '013', '181907002', 4, 1, 4, '2021-02-25', '07:05'),
(990, '013', '181907002', 4, 2, 4, '2021-02-25', '07:05'),
(991, '013', '181907002', 4, 5, 4, '2021-02-25', '10:15'),
(992, '013', '181907002', 4, 1, 4, '2021-03-04', '07:05'),
(993, '013', '181907002', 4, 2, 4, '2021-03-04', '07:05'),
(994, '013', '181907002', 4, 5, 4, '2021-03-04', '10:15'),
(995, '013', '181907002', 4, 1, 4, '2021-03-11', '07:05'),
(996, '013', '181907002', 4, 2, 4, '2021-03-11', '07:05'),
(997, '013', '181907002', 4, 5, 4, '2021-03-11', '10:15'),
(998, '013', '181907002', 4, 1, 4, '2021-03-18', '07:05'),
(999, '013', '181907002', 4, 2, 4, '2021-03-18', '07:05'),
(1000, '013', '181907002', 4, 5, 4, '2021-03-18', '10:15'),
(1001, '013', '181907002', 4, 1, 4, '2021-03-25', '07:05'),
(1002, '013', '181907002', 4, 2, 4, '2021-03-25', '07:05'),
(1003, '013', '181907002', 4, 5, 4, '2021-03-25', '10:15'),
(1004, '009', '181907002', 2, 7, 4, '2021-01-05', '11:35'),
(1005, '009', '181907002', 2, 8, 4, '2021-01-05', '11:35'),
(1006, '009', '181907002', 2, 9, 4, '2021-01-05', '11:35'),
(1007, '009', '181907002', 2, 7, 4, '2021-01-12', '11:35'),
(1008, '009', '181907002', 2, 8, 4, '2021-01-12', '11:35'),
(1009, '009', '181907002', 2, 9, 4, '2021-01-12', '11:35'),
(1010, '009', '181907002', 2, 7, 4, '2021-01-19', '11:35'),
(1011, '009', '181907002', 2, 8, 4, '2021-01-19', '11:35'),
(1012, '009', '181907002', 2, 9, 4, '2021-01-19', '11:35'),
(1013, '009', '181907002', 2, 7, 4, '2021-01-26', '11:35'),
(1014, '009', '181907002', 2, 8, 4, '2021-01-26', '11:35'),
(1015, '009', '181907002', 2, 9, 4, '2021-01-26', '11:35'),
(1016, '009', '181907002', 2, 7, 4, '2021-02-02', '11:35'),
(1017, '009', '181907002', 2, 8, 4, '2021-02-02', '11:35'),
(1018, '009', '181907002', 2, 9, 4, '2021-02-02', '11:35'),
(1019, '009', '181907002', 2, 7, 4, '2021-02-09', '11:35'),
(1020, '009', '181907002', 2, 8, 4, '2021-02-09', '11:35'),
(1021, '009', '181907002', 2, 9, 4, '2021-02-09', '11:35'),
(1022, '009', '181907002', 2, 7, 4, '2021-02-16', '11:35'),
(1023, '009', '181907002', 2, 8, 4, '2021-02-16', '11:35'),
(1024, '009', '181907002', 2, 9, 4, '2021-02-16', '11:35'),
(1025, '009', '181907002', 2, 7, 4, '2021-02-23', '11:35'),
(1026, '009', '181907002', 2, 8, 4, '2021-02-23', '11:35'),
(1027, '009', '181907002', 2, 9, 4, '2021-02-23', '11:35'),
(1028, '009', '181907002', 2, 7, 4, '2021-03-02', '11:35'),
(1029, '009', '181907002', 2, 8, 4, '2021-03-02', '11:35'),
(1030, '009', '181907002', 2, 9, 4, '2021-03-02', '11:35'),
(1031, '009', '181907002', 2, 7, 4, '2021-03-09', '11:35'),
(1032, '009', '181907002', 2, 8, 4, '2021-03-09', '11:35'),
(1033, '009', '181907002', 2, 9, 4, '2021-03-09', '11:35'),
(1034, '009', '181907002', 2, 7, 4, '2021-03-16', '11:35'),
(1035, '009', '181907002', 2, 8, 4, '2021-03-16', '11:35'),
(1036, '009', '181907002', 2, 9, 4, '2021-03-16', '11:35'),
(1037, '009', '181907002', 2, 7, 4, '2021-03-23', '11:35'),
(1038, '009', '181907002', 2, 8, 4, '2021-03-23', '11:35'),
(1039, '009', '181907002', 2, 9, 4, '2021-03-23', '11:35'),
(1040, '009', '181907002', 2, 7, 4, '2021-03-30', '11:35'),
(1041, '009', '181907002', 2, 8, 4, '2021-03-30', '11:35'),
(1042, '009', '181907002', 2, 9, 4, '2021-03-30', '11:35'),
(1043, '016', '181907002', 5, 13, 4, '2021-01-08', '09:05'),
(1044, '016', '181907002', 5, 14, 4, '2021-01-08', '09:05'),
(1045, '016', '181907002', 5, 15, 4, '2021-01-08', '09:05'),
(1046, '016', '181907002', 5, 13, 4, '2021-01-15', '09:05'),
(1047, '016', '181907002', 5, 14, 4, '2021-01-15', '09:05'),
(1048, '016', '181907002', 5, 15, 4, '2021-01-15', '09:05'),
(1049, '016', '181907002', 5, 13, 4, '2021-01-22', '09:05'),
(1050, '016', '181907002', 5, 14, 4, '2021-01-22', '09:05'),
(1051, '016', '181907002', 5, 15, 4, '2021-01-22', '09:05'),
(1052, '016', '181907002', 5, 13, 4, '2021-01-29', '09:05'),
(1053, '016', '181907002', 5, 14, 4, '2021-01-29', '09:05'),
(1054, '016', '181907002', 5, 15, 4, '2021-01-29', '09:05'),
(1055, '016', '181907002', 5, 13, 4, '2021-02-05', '09:05'),
(1056, '016', '181907002', 5, 14, 4, '2021-02-05', '09:05'),
(1057, '016', '181907002', 5, 15, 4, '2021-02-05', '09:05'),
(1058, '016', '181907002', 5, 13, 4, '2021-02-12', '09:05'),
(1059, '016', '181907002', 5, 14, 4, '2021-02-12', '09:05'),
(1060, '016', '181907002', 5, 15, 4, '2021-02-12', '09:05'),
(1061, '016', '181907002', 5, 13, 4, '2021-02-19', '09:05'),
(1062, '016', '181907002', 5, 14, 4, '2021-02-19', '09:05'),
(1063, '016', '181907002', 5, 15, 4, '2021-02-19', '09:05'),
(1064, '016', '181907002', 5, 13, 4, '2021-02-26', '09:05'),
(1065, '016', '181907002', 5, 14, 4, '2021-02-26', '09:05'),
(1066, '016', '181907002', 5, 15, 4, '2021-02-26', '09:05'),
(1067, '016', '181907002', 5, 13, 4, '2021-03-05', '09:05'),
(1068, '016', '181907002', 5, 14, 4, '2021-03-05', '09:05'),
(1069, '016', '181907002', 5, 15, 4, '2021-03-05', '09:05'),
(1070, '016', '181907002', 5, 13, 4, '2021-03-12', '09:05'),
(1071, '016', '181907002', 5, 14, 4, '2021-03-12', '09:05'),
(1072, '016', '181907002', 5, 15, 4, '2021-03-12', '09:05'),
(1073, '016', '181907002', 5, 13, 4, '2021-03-19', '09:05'),
(1074, '016', '181907002', 5, 14, 4, '2021-03-19', '09:05'),
(1075, '016', '181907002', 5, 15, 4, '2021-03-19', '09:05'),
(1076, '016', '181907002', 5, 13, 4, '2021-03-26', '09:05'),
(1077, '016', '181907002', 5, 14, 4, '2021-03-26', '09:05'),
(1078, '016', '181907002', 5, 15, 4, '2021-03-26', '09:05'),
(1079, '017', '181907002', 3, 5, 4, '2021-01-06', '10:15'),
(1080, '017', '181907002', 3, 6, 4, '2021-01-06', '10:15'),
(1081, '017', '181907002', 3, 5, 4, '2021-01-13', '10:15'),
(1082, '017', '181907002', 3, 6, 4, '2021-01-13', '10:15'),
(1083, '017', '181907002', 3, 5, 4, '2021-01-20', '10:15'),
(1084, '017', '181907002', 3, 6, 4, '2021-01-20', '10:15'),
(1085, '017', '181907002', 3, 5, 4, '2021-01-27', '10:15'),
(1086, '017', '181907002', 3, 6, 4, '2021-01-27', '10:15'),
(1087, '017', '181907002', 3, 5, 4, '2021-02-03', '10:15'),
(1088, '017', '181907002', 3, 6, 4, '2021-02-03', '10:15'),
(1089, '017', '181907002', 3, 5, 4, '2021-02-10', '10:15'),
(1090, '017', '181907002', 3, 6, 4, '2021-02-10', '10:15'),
(1091, '017', '181907002', 3, 5, 4, '2021-02-17', '10:15'),
(1092, '017', '181907002', 3, 6, 4, '2021-02-17', '10:15'),
(1093, '017', '181907002', 3, 5, 4, '2021-02-24', '10:15'),
(1094, '017', '181907002', 3, 6, 4, '2021-02-24', '10:15'),
(1095, '017', '181907002', 3, 5, 4, '2021-03-03', '10:15'),
(1096, '017', '181907002', 3, 6, 4, '2021-03-03', '10:15'),
(1097, '017', '181907002', 3, 5, 4, '2021-03-10', '10:15'),
(1098, '017', '181907002', 3, 6, 4, '2021-03-10', '10:15'),
(1099, '017', '181907002', 3, 5, 4, '2021-03-17', '10:15'),
(1100, '017', '181907002', 3, 6, 4, '2021-03-17', '10:15'),
(1101, '017', '181907002', 3, 5, 4, '2021-03-24', '10:15'),
(1102, '017', '181907002', 3, 6, 4, '2021-03-24', '10:15'),
(1103, '017', '181907002', 3, 5, 4, '2021-03-31', '10:15'),
(1104, '017', '181907002', 3, 6, 4, '2021-03-31', '10:15'),
(1105, '017', '181907002', 5, 10, 4, '2021-01-08', '07:05'),
(1106, '017', '181907002', 5, 11, 4, '2021-01-08', '07:05'),
(1107, '017', '181907002', 5, 12, 4, '2021-01-08', '07:05'),
(1108, '017', '181907002', 5, 10, 4, '2021-01-15', '07:05'),
(1109, '017', '181907002', 5, 11, 4, '2021-01-15', '07:05'),
(1110, '017', '181907002', 5, 12, 4, '2021-01-15', '07:05'),
(1111, '017', '181907002', 5, 10, 4, '2021-01-22', '07:05'),
(1112, '017', '181907002', 5, 11, 4, '2021-01-22', '07:05'),
(1113, '017', '181907002', 5, 12, 4, '2021-01-22', '07:05'),
(1114, '017', '181907002', 5, 10, 4, '2021-01-29', '07:05'),
(1115, '017', '181907002', 5, 11, 4, '2021-01-29', '07:05'),
(1116, '017', '181907002', 5, 12, 4, '2021-01-29', '07:05'),
(1117, '017', '181907002', 5, 10, 4, '2021-02-05', '07:05'),
(1118, '017', '181907002', 5, 11, 4, '2021-02-05', '07:05'),
(1119, '017', '181907002', 5, 12, 4, '2021-02-05', '07:05'),
(1120, '017', '181907002', 5, 10, 4, '2021-02-12', '07:05'),
(1121, '017', '181907002', 5, 11, 4, '2021-02-12', '07:05'),
(1122, '017', '181907002', 5, 12, 4, '2021-02-12', '07:05'),
(1123, '017', '181907002', 5, 10, 4, '2021-02-19', '07:05'),
(1124, '017', '181907002', 5, 11, 4, '2021-02-19', '07:05'),
(1125, '017', '181907002', 5, 12, 4, '2021-02-19', '07:05'),
(1126, '017', '181907002', 5, 10, 4, '2021-02-26', '07:05'),
(1127, '017', '181907002', 5, 11, 4, '2021-02-26', '07:05'),
(1128, '017', '181907002', 5, 12, 4, '2021-02-26', '07:05'),
(1129, '017', '181907002', 5, 10, 4, '2021-03-05', '07:05'),
(1130, '017', '181907002', 5, 11, 4, '2021-03-05', '07:05'),
(1131, '017', '181907002', 5, 12, 4, '2021-03-05', '07:05'),
(1132, '017', '181907002', 5, 10, 4, '2021-03-12', '07:05'),
(1133, '017', '181907002', 5, 11, 4, '2021-03-12', '07:05'),
(1134, '017', '181907002', 5, 12, 4, '2021-03-12', '07:05'),
(1135, '017', '181907002', 5, 10, 4, '2021-03-19', '07:05'),
(1136, '017', '181907002', 5, 11, 4, '2021-03-19', '07:05'),
(1137, '017', '181907002', 5, 12, 4, '2021-03-19', '07:05'),
(1138, '017', '181907002', 5, 10, 4, '2021-03-26', '07:05'),
(1139, '017', '181907002', 5, 11, 4, '2021-03-26', '07:05'),
(1140, '017', '181907002', 5, 12, 4, '2021-03-26', '07:05'),
(1141, '015', '181907002', 3, 1, 4, '2021-01-06', '07:05'),
(1142, '015', '181907002', 3, 2, 4, '2021-01-06', '07:05'),
(1143, '015', '181907002', 3, 3, 4, '2021-01-06', '07:05'),
(1144, '015', '181907002', 3, 1, 4, '2021-01-13', '07:05'),
(1145, '015', '181907002', 3, 2, 4, '2021-01-13', '07:05'),
(1146, '015', '181907002', 3, 3, 4, '2021-01-13', '07:05'),
(1147, '015', '181907002', 3, 1, 4, '2021-01-20', '07:05'),
(1148, '015', '181907002', 3, 2, 4, '2021-01-20', '07:05'),
(1149, '015', '181907002', 3, 3, 4, '2021-01-20', '07:05'),
(1150, '015', '181907002', 3, 1, 4, '2021-01-27', '07:05'),
(1151, '015', '181907002', 3, 2, 4, '2021-01-27', '07:05'),
(1152, '015', '181907002', 3, 3, 4, '2021-01-27', '07:05'),
(1153, '015', '181907002', 3, 1, 4, '2021-02-03', '07:05'),
(1154, '015', '181907002', 3, 2, 4, '2021-02-03', '07:05'),
(1155, '015', '181907002', 3, 3, 4, '2021-02-03', '07:05'),
(1156, '015', '181907002', 3, 1, 4, '2021-02-10', '07:05'),
(1157, '015', '181907002', 3, 2, 4, '2021-02-10', '07:05'),
(1158, '015', '181907002', 3, 3, 4, '2021-02-10', '07:05'),
(1159, '015', '181907002', 3, 1, 4, '2021-02-17', '07:05'),
(1160, '015', '181907002', 3, 2, 4, '2021-02-17', '07:05'),
(1161, '015', '181907002', 3, 3, 4, '2021-02-17', '07:05'),
(1162, '015', '181907002', 3, 1, 4, '2021-02-24', '07:05'),
(1163, '015', '181907002', 3, 2, 4, '2021-02-24', '07:05'),
(1164, '015', '181907002', 3, 3, 4, '2021-02-24', '07:05'),
(1165, '015', '181907002', 3, 1, 4, '2021-03-03', '07:05'),
(1166, '015', '181907002', 3, 2, 4, '2021-03-03', '07:05'),
(1167, '015', '181907002', 3, 3, 4, '2021-03-03', '07:05'),
(1168, '015', '181907002', 3, 1, 4, '2021-03-10', '07:05'),
(1169, '015', '181907002', 3, 2, 4, '2021-03-10', '07:05'),
(1170, '015', '181907002', 3, 3, 4, '2021-03-10', '07:05'),
(1171, '015', '181907002', 3, 1, 4, '2021-03-17', '07:05'),
(1172, '015', '181907002', 3, 2, 4, '2021-03-17', '07:05'),
(1173, '015', '181907002', 3, 3, 4, '2021-03-17', '07:05'),
(1174, '015', '181907002', 3, 1, 4, '2021-03-24', '07:05'),
(1175, '015', '181907002', 3, 2, 4, '2021-03-24', '07:05'),
(1176, '015', '181907002', 3, 3, 4, '2021-03-24', '07:05'),
(1177, '015', '181907002', 3, 1, 4, '2021-03-31', '07:05'),
(1178, '015', '181907002', 3, 2, 4, '2021-03-31', '07:05'),
(1179, '015', '181907002', 3, 3, 4, '2021-03-31', '07:05'),
(1180, '004', '181907002', 2, 5, 4, '2021-01-05', '10:15'),
(1181, '004', '181907002', 2, 6, 4, '2021-01-05', '10:15'),
(1182, '004', '181907002', 2, 5, 4, '2021-01-12', '10:15'),
(1183, '004', '181907002', 2, 6, 4, '2021-01-12', '10:15'),
(1184, '004', '181907002', 2, 5, 4, '2021-01-19', '10:15'),
(1185, '004', '181907002', 2, 6, 4, '2021-01-19', '10:15'),
(1186, '004', '181907002', 2, 5, 4, '2021-01-26', '10:15'),
(1187, '004', '181907002', 2, 6, 4, '2021-01-26', '10:15'),
(1188, '004', '181907002', 2, 5, 4, '2021-02-02', '10:15'),
(1189, '004', '181907002', 2, 6, 4, '2021-02-02', '10:15'),
(1190, '004', '181907002', 2, 5, 4, '2021-02-09', '10:15'),
(1191, '004', '181907002', 2, 6, 4, '2021-02-09', '10:15'),
(1192, '004', '181907002', 2, 5, 4, '2021-02-16', '10:15'),
(1193, '004', '181907002', 2, 6, 4, '2021-02-16', '10:15'),
(1194, '004', '181907002', 2, 5, 4, '2021-02-23', '10:15'),
(1195, '004', '181907002', 2, 6, 4, '2021-02-23', '10:15'),
(1196, '004', '181907002', 2, 5, 4, '2021-03-02', '10:15'),
(1197, '004', '181907002', 2, 6, 4, '2021-03-02', '10:15'),
(1198, '004', '181907002', 2, 5, 4, '2021-03-09', '10:15'),
(1199, '004', '181907002', 2, 6, 4, '2021-03-09', '10:15'),
(1200, '004', '181907002', 2, 5, 4, '2021-03-16', '10:15'),
(1201, '004', '181907002', 2, 6, 4, '2021-03-16', '10:15'),
(1202, '004', '181907002', 2, 5, 4, '2021-03-23', '10:15'),
(1203, '004', '181907002', 2, 6, 4, '2021-03-23', '10:15'),
(1204, '004', '181907002', 2, 5, 4, '2021-03-30', '10:15'),
(1205, '004', '181907002', 2, 6, 4, '2021-03-30', '10:15'),
(1206, '004', '181907002', 4, 7, 4, '2021-01-07', '11:35'),
(1207, '004', '181907002', 4, 8, 4, '2021-01-07', '11:35'),
(1208, '004', '181907002', 4, 7, 4, '2021-01-14', '11:35'),
(1209, '004', '181907002', 4, 8, 4, '2021-01-14', '11:35'),
(1210, '004', '181907002', 4, 7, 4, '2021-01-21', '11:35'),
(1211, '004', '181907002', 4, 8, 4, '2021-01-21', '11:35'),
(1212, '004', '181907002', 4, 7, 4, '2021-01-28', '11:35'),
(1213, '004', '181907002', 4, 8, 4, '2021-01-28', '11:35'),
(1214, '004', '181907002', 4, 7, 4, '2021-02-04', '11:35'),
(1215, '004', '181907002', 4, 8, 4, '2021-02-04', '11:35'),
(1216, '004', '181907002', 4, 7, 4, '2021-02-11', '11:35'),
(1217, '004', '181907002', 4, 8, 4, '2021-02-11', '11:35'),
(1218, '004', '181907002', 4, 7, 4, '2021-02-18', '11:35'),
(1219, '004', '181907002', 4, 8, 4, '2021-02-18', '11:35'),
(1220, '004', '181907002', 4, 7, 4, '2021-02-25', '11:35'),
(1221, '004', '181907002', 4, 8, 4, '2021-02-25', '11:35'),
(1222, '004', '181907002', 4, 7, 4, '2021-03-04', '11:35'),
(1223, '004', '181907002', 4, 8, 4, '2021-03-04', '11:35'),
(1224, '004', '181907002', 4, 7, 4, '2021-03-11', '11:35'),
(1225, '004', '181907002', 4, 8, 4, '2021-03-11', '11:35'),
(1226, '004', '181907002', 4, 7, 4, '2021-03-18', '11:35'),
(1227, '004', '181907002', 4, 8, 4, '2021-03-18', '11:35'),
(1228, '004', '181907002', 4, 7, 4, '2021-03-25', '11:35'),
(1229, '004', '181907002', 4, 8, 4, '2021-03-25', '11:35'),
(1230, '011', '181907006', 5, 13, 4, '2021-01-08', '09:05'),
(1231, '011', '181907006', 5, 14, 4, '2021-01-08', '09:05'),
(1232, '011', '181907006', 5, 15, 4, '2021-01-08', '09:05'),
(1233, '011', '181907006', 5, 13, 4, '2021-01-15', '09:05'),
(1234, '011', '181907006', 5, 14, 4, '2021-01-15', '09:05'),
(1235, '011', '181907006', 5, 15, 4, '2021-01-15', '09:05'),
(1236, '011', '181907006', 5, 13, 4, '2021-01-22', '09:05'),
(1237, '011', '181907006', 5, 14, 4, '2021-01-22', '09:05'),
(1238, '011', '181907006', 5, 15, 4, '2021-01-22', '09:05'),
(1239, '011', '181907006', 5, 13, 4, '2021-01-29', '09:05'),
(1240, '011', '181907006', 5, 14, 4, '2021-01-29', '09:05'),
(1241, '011', '181907006', 5, 15, 4, '2021-01-29', '09:05'),
(1242, '011', '181907006', 5, 13, 4, '2021-02-05', '09:05'),
(1243, '011', '181907006', 5, 14, 4, '2021-02-05', '09:05'),
(1244, '011', '181907006', 5, 15, 4, '2021-02-05', '09:05'),
(1245, '011', '181907006', 5, 13, 4, '2021-02-12', '09:05'),
(1246, '011', '181907006', 5, 14, 4, '2021-02-12', '09:05'),
(1247, '011', '181907006', 5, 15, 4, '2021-02-12', '09:05'),
(1248, '011', '181907006', 5, 13, 4, '2021-02-19', '09:05'),
(1249, '011', '181907006', 5, 14, 4, '2021-02-19', '09:05'),
(1250, '011', '181907006', 5, 15, 4, '2021-02-19', '09:05'),
(1251, '011', '181907006', 5, 13, 4, '2021-02-26', '09:05'),
(1252, '011', '181907006', 5, 14, 4, '2021-02-26', '09:05'),
(1253, '011', '181907006', 5, 15, 4, '2021-02-26', '09:05'),
(1254, '011', '181907006', 5, 13, 4, '2021-03-05', '09:05'),
(1255, '011', '181907006', 5, 14, 4, '2021-03-05', '09:05'),
(1256, '011', '181907006', 5, 15, 4, '2021-03-05', '09:05'),
(1257, '011', '181907006', 5, 13, 4, '2021-03-12', '09:05'),
(1258, '011', '181907006', 5, 14, 4, '2021-03-12', '09:05'),
(1259, '011', '181907006', 5, 15, 4, '2021-03-12', '09:05'),
(1260, '011', '181907006', 5, 13, 4, '2021-03-19', '09:05'),
(1261, '011', '181907006', 5, 14, 4, '2021-03-19', '09:05'),
(1262, '011', '181907006', 5, 15, 4, '2021-03-19', '09:05'),
(1263, '011', '181907006', 5, 13, 4, '2021-03-26', '09:05'),
(1264, '011', '181907006', 5, 14, 4, '2021-03-26', '09:05'),
(1265, '011', '181907006', 5, 15, 4, '2021-03-26', '09:05'),
(1266, '011', '181907044', 5, 10, 5, '2021-01-08', '07:05'),
(1267, '011', '181907044', 5, 11, 5, '2021-01-08', '07:05'),
(1268, '011', '181907044', 5, 12, 5, '2021-01-08', '07:05'),
(1269, '011', '181907044', 5, 10, 5, '2021-01-15', '07:05'),
(1270, '011', '181907044', 5, 11, 5, '2021-01-15', '07:05'),
(1271, '011', '181907044', 5, 12, 5, '2021-01-15', '07:05'),
(1272, '011', '181907044', 5, 10, 5, '2021-01-22', '07:05'),
(1273, '011', '181907044', 5, 11, 5, '2021-01-22', '07:05'),
(1274, '011', '181907044', 5, 12, 5, '2021-01-22', '07:05'),
(1275, '011', '181907044', 5, 10, 5, '2021-01-29', '07:05'),
(1276, '011', '181907044', 5, 11, 5, '2021-01-29', '07:05'),
(1277, '011', '181907044', 5, 12, 5, '2021-01-29', '07:05'),
(1278, '012', '181907044', 5, 10, 5, '2021-02-05', '07:05'),
(1279, '011', '181907044', 5, 11, 5, '2021-02-05', '07:05'),
(1280, '011', '181907044', 5, 12, 5, '2021-02-05', '07:05'),
(1281, '011', '181907044', 5, 10, 5, '2021-02-12', '07:05'),
(1282, '011', '181907044', 5, 11, 5, '2021-02-12', '07:05'),
(1283, '011', '181907044', 5, 12, 5, '2021-02-12', '07:05'),
(1284, '011', '181907044', 5, 10, 5, '2021-02-19', '07:05'),
(1285, '011', '181907044', 5, 11, 5, '2021-02-19', '07:05'),
(1286, '011', '181907044', 5, 12, 5, '2021-02-19', '07:05'),
(1287, '011', '181907044', 5, 10, 5, '2021-02-26', '07:05'),
(1288, '011', '181907044', 5, 11, 5, '2021-02-26', '07:05'),
(1289, '011', '181907044', 5, 12, 5, '2021-02-26', '07:05'),
(1290, '011', '181907044', 5, 10, 5, '2021-03-05', '07:05'),
(1291, '011', '181907044', 5, 11, 5, '2021-03-05', '07:05'),
(1292, '011', '181907044', 5, 12, 5, '2021-03-05', '07:05'),
(1293, '011', '181907044', 5, 10, 5, '2021-03-12', '07:05'),
(1294, '011', '181907044', 5, 11, 5, '2021-03-12', '07:05'),
(1295, '011', '181907044', 5, 12, 5, '2021-03-12', '07:05'),
(1296, '011', '181907044', 5, 10, 5, '2021-03-19', '07:05'),
(1297, '011', '181907044', 5, 11, 5, '2021-03-19', '07:05'),
(1298, '011', '181907044', 5, 12, 5, '2021-03-19', '07:05'),
(1299, '011', '181907044', 5, 10, 5, '2021-03-26', '07:05'),
(1300, '011', '181907044', 5, 11, 5, '2021-03-26', '07:05'),
(1301, '011', '181907044', 5, 12, 5, '2021-03-26', '07:05');

-- --------------------------------------------------------

--
-- Table structure for table `akun`
--

CREATE TABLE `akun` (
  `id_akun` int(11) NOT NULL,
  `username` varchar(25) NOT NULL,
  `password` varchar(50) NOT NULL,
  `role` varchar(3) NOT NULL
) ENGINE=InnoDB DEFAULT CHARSET=latin1;

--
-- Dumping data for table `akun`
--

INSERT INTO `akun` (`id_akun`, `username`, `password`, `role`) VALUES
(3, 'admin', '123456', '000'),
(4, 'absensi', '123456', '001'),
(5, 'bendahara', '123456', '010'),
(6, '192007049', '030107', '011'),
(7, '192007050', '071207', '011'),
(8, '192007051', '150307', '011'),
(9, '192007052', '040207', '011'),
(10, '192007052', '040206', '011'),
(11, '192007053', '061107', '011'),
(12, '192007054', '160907', '011'),
(13, '192007055', '210406', '011'),
(14, '192007056', '200707', '011'),
(15, '192007058', '220505', '011'),
(16, '192007059', '080505', '011'),
(17, '192007060', '050807', '011'),
(18, '192007061', '120207', '011'),
(19, '192007062', '220505', '011'),
(20, '192007063', '130307', '011'),
(21, '192007064', '160907', '011'),
(22, '192007065', '040507', '011'),
(23, '192007066', '021107', '011'),
(24, '192007068', '160207', '011'),
(25, '192007071', '091105', '011'),
(26, '192007072', '111007', '011'),
(27, '181907002', '020306', '011'),
(28, '181907003', '180606', '011'),
(29, '181907004', '190506', '011'),
(30, '181907005', '100606', '011'),
(31, '181907006', '120406', '011'),
(32, '181907007', '030306', '011'),
(33, '181907008', '121204', '011'),
(34, '181907009', '061205', '011'),
(35, '181907010', '241105', '011'),
(36, '181907011', '030206', '011'),
(37, '181907012', '200206', '011'),
(38, '181907013', '200705', '011'),
(39, '181907014', '070205', '011'),
(40, '181907015', '081205', '011'),
(41, '181907016', '100805', '011'),
(42, '181907017', '061106', '011'),
(43, '181907018', '260306', '011'),
(44, '181907019', '011005', '011'),
(45, '181907020', '110306', '011'),
(46, '181907023', '211105', '011'),
(47, '181907024', '021105', '011'),
(48, '181907025', '010305', '011'),
(49, '181907026', '100505', '011'),
(50, '181907027', '190406', '011'),
(51, '181907028', '091204', '011'),
(52, '181907029', '200405', '011'),
(53, '181907030', '261206', '011'),
(54, '181907031', '191206', '011'),
(55, '181907032', '060106', '011'),
(56, '181907033', '030506', '011'),
(57, '385274865120', '100570', '101'),
(58, '754776366420', '150285', '101'),
(59, '594873563520', '160657', '101'),
(60, '803775665730', '050278', '101'),
(61, '254475065020', '121272', '101'),
(62, '455474864930', '220266', '101'),
(63, '454274864930', '100270', '101'),
(64, '183474764930', '020569', '101'),
(65, '335075565730', '181077', '101'),
(66, '303415102164', '191285', '101'),
(67, '511151444041', '080494', '101'),
(68, '171543412145', '200592', '101'),
(69, '186374664630', '310568', '101'),
(70, '364775865930', '150380', '101'),
(71, '541101711151', '160477', '101'),
(72, '112110125411', '030968', '101'),
(73, '120113411517', '110495', '101'),
(74, '181907035', '160806', '011'),
(75, '181907071', '220905', '011'),
(76, '181907072', '040305', '011'),
(77, '181907036', '160606', '011'),
(78, '181907037', '131105', '011'),
(79, '181907038', '010903', '011'),
(80, '181907039', '070506', '011'),
(81, '181907041', '210706', '011'),
(82, '181907042', '170704', '011'),
(83, '181907043', '081104', '011'),
(84, '181907044', '020405', '011'),
(85, '181907045', '011205', '011'),
(86, '181907046', '020906', '011'),
(87, '181907047', '300905', '011'),
(88, '181907048', '110506', '011'),
(89, '181907051', '201004', '011'),
(90, '181907052', '010906', '011'),
(91, '181907053', '310304', '011'),
(92, '181907049', '210705', '011'),
(93, '181907070', '170806', '011'),
(94, '181907054', '270904', '011'),
(95, '181907055', '121005', '011'),
(96, '181907056', '130206', '011'),
(97, '181907067', '271105', '011'),
(98, '181907058', '271005', '011'),
(99, '181907059', '051206', '011'),
(100, '181907060', '051205', '011'),
(101, '181907061', '160806', '011'),
(102, '181907062', '281105', '011'),
(103, '181907063', '190605', '011'),
(104, '181907065', '040206', '011'),
(105, '181907066', '071106', '011'),
(106, '192007025', '140607', '011'),
(107, '192007026', '090704', '011'),
(108, '192007027', '090407', '011'),
(109, '192007028', '150907', '011'),
(110, '192007029', '230607', '011'),
(111, '192007030', '171106', '011'),
(112, '192007031', '270706', '011'),
(113, '192007032', '130707', '011'),
(114, '192007033', '050407', '011'),
(115, '192007034', '060107', '011'),
(116, '192007036', '110307', '011'),
(117, '192007037', '020204', '011'),
(118, '192007038', '100905', '011'),
(119, '192007039', '060907', '011'),
(120, '192007041', '020707', '011'),
(121, '192007042', '240207', '011'),
(122, '192007043', '290605', '011'),
(123, '192007044', '210408', '011'),
(124, '192007045', '280106', '011'),
(125, '192007046', '170707', '011'),
(126, '192007047', '220307', '011'),
(127, '192007048', '010907', '011'),
(128, '192007002', '030107', '011'),
(129, '192007003', '221007', '011'),
(130, '192007004', '211106', '011'),
(131, '192007005', '121005', '011'),
(132, '192007006', '181106', '011'),
(133, '192007007', '071106', '011'),
(134, '192007008', '110806', '011'),
(135, '192007009', '121008', '011'),
(136, '192007010', '071007', '011'),
(137, '192007011', '250905', '011'),
(138, '192007012', '250406', '011'),
(139, '192007013', '280906', '011'),
(140, '192007014', '231105', '011'),
(141, '192007016', '170807', '011'),
(142, '192007017', '040706', '011'),
(143, '192007018', '270406', '011'),
(144, '192007019', '260205', '011'),
(145, '192007020', '290906', '011'),
(146, '192007021', '020906', '011'),
(147, '192007022', '250306', '011'),
(148, '192007023', '141206', '011'),
(149, '192007024', '030807', '011');

-- --------------------------------------------------------

--
-- Table structure for table `bayar`
--

CREATE TABLE `bayar` (
  `id_bayar` int(11) NOT NULL,
  `tahun_ajar` varchar(9) NOT NULL,
  `semester` varchar(6) NOT NULL,
  `bulan` varchar(9) NOT NULL,
  `tanggal_bayar` date NOT NULL,
  `alokasi` varchar(3) NOT NULL,
  `nis` varchar(9) NOT NULL,
  `nominal` int(11) NOT NULL
) ENGINE=InnoDB DEFAULT CHARSET=latin1;

--
-- Dumping data for table `bayar`
--

INSERT INTO `bayar` (`id_bayar`, `tahun_ajar`, `semester`, `bulan`, `tanggal_bayar`, `alokasi`, `nis`, `nominal`) VALUES
(1, '2020/2021', 'ganjil', 'September', '2020-11-30', 'SPP', '181907002', 200000),
(2, '2020/2021', 'ganjil', 'September', '2020-11-30', 'SPP', '181907002', 200000),
(3, '2020/2021', 'ganjil', 'September', '2020-11-30', 'SPP', '181907002', 200000),
(4, '2020/2021', 'ganjil', 'September', '2020-11-30', 'SPP', '181907002', 200000),
(5, '2020/2021', 'ganjil', 'September', '2020-11-30', 'SPP', '181907002', 200000),
(6, '2020/2021', 'ganjil', 'Agustus', '2020-12-02', 'SPP', '181907002', 200000),
(7, '2020/2021', 'ganjil', 'Agustus', '2020-12-02', 'SPP', '181907002', 200000),
(8, '2020/2021', 'ganjil', 'Agustus', '2020-12-02', 'SPP', '181907002', 200000),
(9, '2020/2021', 'ganjil', 'Agustus', '2020-12-02', 'SPP', '181907002', 200000),
(10, '2020/2021', 'ganjil', 'Agustus', '2020-12-02', 'SPP', '181907002', 200000),
(11, '2020/2021', 'ganjil', 'Agustus', '2020-12-02', 'SPP', '181907002', 200000),
(12, '2020/2021', 'ganjil', 'Agustus', '2020-12-02', 'SPP', '181907002', 200000);

-- --------------------------------------------------------

--
-- Table structure for table `guru`
--

CREATE TABLE `guru` (
  `nuptk` varchar(16) NOT NULL,
  `nama` varchar(30) NOT NULL,
  `id_matpel` int(11) NOT NULL,
  `kd_guru` varchar(3) NOT NULL,
  `tgl_lahir` date NOT NULL
) ENGINE=InnoDB DEFAULT CHARSET=latin1;

--
-- Dumping data for table `guru`
--

INSERT INTO `guru` (`nuptk`, `nama`, `id_matpel`, `kd_guru`, `tgl_lahir`) VALUES
('112110125411', 'Ir. NURSAIDA SINAGA', 10, '017', '1968-09-03'),
('120113411517', 'ROHMAN,S.Pd.', 3, '018', '1995-04-11'),
('171543412145', 'DINA MARIANA,S.E.', 5, '013', '1992-05-20'),
('183474764930', 'MEITY PURNAMAWATI, Dipl.', 6, '009', '1969-05-02'),
('186374664630', 'LESTARI UTAMI, S.Pd.', 10, '014', '1968-05-31'),
('254475065020', 'FERRY IRAWAN,S.Pd.', 12, '006', '1972-12-12'),
('303415102164', 'EDWARD TONI PALMELAY S,Th.', 9, '011', '1985-12-19'),
('335075565730', 'ISTI DARWATI,S.Pd', 7, '010', '1977-10-18'),
('364775865930', 'DIANA SUSANTI,SPd.', 11, '015', '1980-03-15'),
('385274865120', 'WESLI MARPAUNG,SE.', 1, '002', '1970-05-10'),
('454274864930', 'YENTI IDRIS,S.Pd.', 4, '008', '1970-02-10'),
('455474864930', 'WARSINI, Dipl.', 1, '007', '1966-02-22'),
('511151444041', 'SHINTA AYU APRIANI,S.Pd.', 3, '012', '1994-04-08'),
('541101711151', 'WAHYUDIN, S.Pd.I.', 8, '016', '1977-04-16'),
('594873563520', 'SUNARTO, M.Pd.', 12, '004', '1957-06-16'),
('754776366420', 'SUPARDI, S.Pd.I.', 2, '003', '1985-02-15'),
('803775665730', 'KARTINI, S.Pd.', 4, '005', '1978-02-05');

-- --------------------------------------------------------

--
-- Table structure for table `hari`
--

CREATE TABLE `hari` (
  `id_hari` int(11) NOT NULL,
  `hari` varchar(6) NOT NULL
) ENGINE=InnoDB DEFAULT CHARSET=latin1;

--
-- Dumping data for table `hari`
--

INSERT INTO `hari` (`id_hari`, `hari`) VALUES
(1, 'Senin'),
(2, 'Selasa'),
(3, 'Rabu'),
(4, 'Kamis'),
(5, 'Jumat');

-- --------------------------------------------------------

--
-- Table structure for table `jadwal`
--

CREATE TABLE `jadwal` (
  `id_jadwal` int(11) NOT NULL,
  `id_kelas` int(11) NOT NULL,
  `id_hari` int(11) NOT NULL,
  `id_jampel` int(11) NOT NULL,
  `kd_guru` varchar(3) NOT NULL
) ENGINE=InnoDB DEFAULT CHARSET=latin1;

--
-- Dumping data for table `jadwal`
--

INSERT INTO `jadwal` (`id_jadwal`, `id_kelas`, `id_hari`, `id_jampel`, `kd_guru`) VALUES
(3, 3, 1, 2, '004'),
(4, 3, 1, 3, '004'),
(5, 3, 1, 4, '014'),
(6, 3, 1, 5, '014'),
(7, 3, 1, 6, '002'),
(8, 3, 1, 7, '002'),
(9, 3, 1, 8, '009'),
(10, 3, 1, 9, '009'),
(11, 3, 2, 1, '009'),
(12, 3, 2, 2, '013'),
(13, 3, 2, 3, '013'),
(14, 3, 2, 4, '014'),
(15, 3, 2, 5, '014'),
(16, 3, 2, 6, '014'),
(17, 3, 2, 7, '012'),
(18, 3, 2, 8, '012'),
(19, 3, 2, 9, '012'),
(20, 3, 3, 1, '014'),
(21, 3, 3, 2, '014'),
(22, 3, 3, 3, '004'),
(23, 3, 3, 4, '004'),
(24, 3, 3, 5, '005'),
(25, 3, 3, 6, '005'),
(26, 3, 3, 7, '013'),
(27, 3, 3, 8, '013'),
(28, 3, 3, 9, '013'),
(29, 3, 4, 1, '003'),
(30, 3, 4, 2, '003'),
(31, 3, 4, 3, '003'),
(32, 3, 4, 4, '015'),
(33, 3, 4, 5, '015'),
(34, 3, 4, 6, '015'),
(35, 3, 4, 7, '002'),
(36, 3, 4, 8, '002'),
(37, 3, 5, 10, '012'),
(38, 3, 5, 11, '012'),
(39, 3, 5, 12, '012'),
(40, 3, 5, 13, '002'),
(41, 3, 5, 14, '005'),
(42, 3, 5, 15, '005'),
(43, 4, 1, 2, '008'),
(44, 4, 1, 3, '008'),
(45, 4, 1, 4, '002'),
(46, 4, 1, 5, '012'),
(47, 4, 1, 6, '012'),
(48, 4, 1, 7, '012'),
(49, 4, 1, 8, '002'),
(50, 4, 1, 9, '002'),
(51, 4, 2, 1, '003'),
(52, 4, 2, 2, '003'),
(53, 4, 2, 3, '003'),
(54, 4, 2, 4, '013'),
(55, 4, 2, 5, '004'),
(56, 4, 2, 6, '004'),
(57, 4, 2, 7, '009'),
(58, 4, 2, 8, '009'),
(59, 4, 2, 9, '009'),
(60, 4, 3, 1, '015'),
(61, 4, 3, 2, '015'),
(62, 4, 3, 3, '015'),
(63, 4, 3, 4, '002'),
(64, 4, 3, 5, '017'),
(65, 4, 3, 6, '017'),
(66, 4, 3, 7, '012'),
(67, 4, 3, 8, '012'),
(68, 4, 3, 9, '012'),
(69, 4, 4, 1, '013'),
(70, 4, 4, 2, '013'),
(71, 4, 4, 3, '008'),
(72, 4, 4, 4, '008'),
(73, 4, 4, 5, '013'),
(74, 4, 4, 6, '002'),
(75, 4, 4, 7, '004'),
(76, 4, 4, 8, '004'),
(77, 4, 5, 10, '017'),
(78, 4, 5, 11, '017'),
(79, 4, 5, 12, '017'),
(80, 4, 5, 13, '016'),
(81, 4, 5, 14, '016'),
(82, 4, 5, 15, '016'),
(83, 5, 1, 2, '012'),
(84, 5, 1, 3, '012'),
(85, 5, 1, 4, '012'),
(86, 5, 1, 5, '003'),
(87, 5, 1, 6, '003'),
(88, 5, 1, 7, '003'),
(89, 5, 1, 8, '008'),
(90, 5, 1, 9, '008'),
(91, 5, 2, 1, '004'),
(92, 5, 2, 2, '004'),
(93, 5, 2, 3, '009'),
(94, 5, 2, 4, '009'),
(95, 5, 2, 5, '009'),
(96, 5, 2, 6, '013'),
(97, 5, 2, 7, '013'),
(98, 5, 2, 8, '017'),
(99, 5, 2, 9, '017'),
(100, 5, 3, 1, '012'),
(101, 5, 3, 2, '012'),
(102, 5, 3, 3, '012'),
(103, 5, 3, 4, '015'),
(104, 5, 3, 5, '015'),
(105, 5, 3, 6, '015'),
(106, 5, 3, 7, '002'),
(107, 5, 3, 8, '002'),
(108, 5, 3, 9, '002'),
(109, 5, 4, 1, '008'),
(110, 5, 4, 2, '008'),
(111, 5, 4, 3, '002'),
(112, 5, 4, 4, '002'),
(113, 5, 4, 5, '004'),
(114, 5, 4, 6, '004'),
(115, 5, 4, 7, '013'),
(116, 5, 4, 8, '013'),
(117, 5, 5, 10, '016'),
(118, 5, 5, 11, '016'),
(119, 5, 5, 12, '016'),
(120, 5, 5, 13, '017'),
(121, 5, 5, 14, '017'),
(122, 5, 5, 15, '017'),
(123, 6, 1, 2, '014'),
(124, 6, 1, 3, '014'),
(125, 6, 1, 4, '013'),
(126, 6, 1, 5, '009'),
(127, 6, 1, 6, '009'),
(128, 6, 1, 7, '009'),
(129, 6, 1, 8, '003'),
(130, 6, 1, 9, '003'),
(131, 6, 2, 1, '006'),
(132, 6, 2, 2, '006'),
(133, 6, 2, 3, '017'),
(134, 6, 2, 4, '012'),
(135, 6, 2, 5, '012'),
(136, 6, 2, 6, '012'),
(137, 6, 2, 7, '007'),
(138, 6, 2, 8, '007'),
(139, 6, 2, 9, '007'),
(140, 6, 3, 1, '017'),
(141, 6, 3, 2, '017'),
(142, 6, 3, 3, '005'),
(143, 6, 3, 4, '005'),
(144, 6, 3, 5, '013'),
(145, 6, 3, 6, '013'),
(146, 6, 3, 7, '003'),
(147, 6, 3, 8, '017'),
(148, 6, 3, 9, '017'),
(149, 6, 4, 1, '015'),
(150, 6, 4, 2, '015'),
(151, 6, 4, 3, '015'),
(152, 6, 4, 4, '007'),
(153, 6, 4, 5, '007'),
(154, 6, 4, 6, '012'),
(155, 6, 4, 7, '012'),
(156, 6, 4, 8, '012'),
(157, 6, 5, 10, '013'),
(158, 6, 5, 11, '013'),
(159, 6, 5, 12, '005'),
(160, 6, 5, 13, '005'),
(161, 6, 5, 14, '006'),
(162, 6, 5, 15, '006'),
(163, 7, 1, 2, '009'),
(164, 7, 1, 3, '009'),
(165, 7, 1, 4, '009'),
(166, 7, 1, 5, '004'),
(167, 7, 1, 6, '004'),
(168, 7, 1, 7, '014'),
(169, 7, 1, 8, '014'),
(170, 7, 1, 9, '013'),
(171, 7, 2, 1, '012'),
(172, 7, 2, 2, '012'),
(173, 7, 2, 3, '012'),
(174, 7, 2, 4, '002'),
(175, 7, 2, 5, '002'),
(176, 7, 2, 6, '002'),
(177, 7, 2, 7, '015'),
(178, 7, 2, 8, '015'),
(179, 7, 2, 9, '015'),
(180, 7, 3, 1, '013'),
(181, 7, 3, 2, '013'),
(182, 7, 3, 3, '014'),
(183, 7, 3, 4, '014'),
(184, 7, 3, 5, '014'),
(185, 7, 3, 6, '004'),
(186, 7, 3, 7, '004'),
(187, 7, 3, 8, '005'),
(188, 7, 3, 9, '005'),
(189, 7, 4, 1, '002'),
(190, 7, 4, 2, '002'),
(191, 7, 4, 3, '012'),
(192, 7, 4, 4, '012'),
(193, 7, 4, 5, '012'),
(194, 7, 4, 6, '003'),
(195, 7, 4, 7, '003'),
(196, 7, 4, 8, '003'),
(197, 7, 5, 10, '005'),
(198, 7, 5, 11, '005'),
(199, 7, 5, 12, '014'),
(200, 7, 5, 13, '014'),
(201, 7, 5, 14, '013'),
(202, 7, 5, 15, '013');

-- --------------------------------------------------------

--
-- Table structure for table `jam_pelajaran`
--

CREATE TABLE `jam_pelajaran` (
  `id_jampel` int(11) NOT NULL,
  `jampel` varchar(11) NOT NULL
) ENGINE=InnoDB DEFAULT CHARSET=latin1;

--
-- Dumping data for table `jam_pelajaran`
--

INSERT INTO `jam_pelajaran` (`id_jampel`, `jampel`) VALUES
(1, '07.00-07.50'),
(2, '07.50-08.30'),
(3, '08.30-09.10'),
(4, '09.10-09.50'),
(5, '10.10-10.50'),
(6, '10.50-11.30'),
(7, '11.30-12.10'),
(8, '12.40-13.20'),
(9, '13.20-14.00'),
(10, '07.00-07.40'),
(11, '07.40-08.20'),
(12, '08.20-09.00'),
(13, '09.00-09.40'),
(14, '10.00-10.40'),
(15, '10.40-11.20');

-- --------------------------------------------------------

--
-- Table structure for table `kelas`
--

CREATE TABLE `kelas` (
  `id_kelas` int(11) NOT NULL,
  `nama_kelas` varchar(4) NOT NULL
) ENGINE=InnoDB DEFAULT CHARSET=latin1;

--
-- Dumping data for table `kelas`
--

INSERT INTO `kelas` (`id_kelas`, `nama_kelas`) VALUES
(7, '8-1'),
(6, '8-2'),
(3, '8-3'),
(4, '9-1'),
(5, '9-2');

-- --------------------------------------------------------

--
-- Table structure for table `mata_pelajaran`
--

CREATE TABLE `mata_pelajaran` (
  `id_matpel` int(11) NOT NULL,
  `nama_matpel` varchar(25) NOT NULL
) ENGINE=InnoDB DEFAULT CHARSET=latin1;

--
-- Dumping data for table `mata_pelajaran`
--

INSERT INTO `mata_pelajaran` (`id_matpel`, `nama_matpel`) VALUES
(1, 'Matematika'),
(2, 'PJOK'),
(3, 'Bahasa Indonesia'),
(4, 'Bahasa Inggris'),
(5, 'Bahasa Sunda'),
(6, 'Seni Budaya'),
(7, 'Prakarya'),
(8, 'Pendidikan Agama Islam'),
(9, 'Pendidikan Agama Kristen'),
(10, 'IPA'),
(11, 'PPKn'),
(12, 'IPS');

-- --------------------------------------------------------

--
-- Table structure for table `siswa`
--

CREATE TABLE `siswa` (
  `nis` varchar(9) NOT NULL,
  `id_kelas` int(11) NOT NULL,
  `nama` varchar(30) NOT NULL,
  `tgl_lahir` date NOT NULL,
  `Agama` varchar(10) NOT NULL,
  `saldo` int(11) NOT NULL
) ENGINE=InnoDB DEFAULT CHARSET=latin1;

--
-- Dumping data for table `siswa`
--

INSERT INTO `siswa` (`nis`, `id_kelas`, `nama`, `tgl_lahir`, `Agama`, `saldo`) VALUES
('181907002', 4, 'Alfarizi', '2006-03-02', 'ISLAM', 1200000),
('181907003', 4, 'Ananda Yunia Sabila', '2006-06-18', 'ISLAM', 0),
('181907004', 4, 'Aria Anoro Pasha', '2006-05-19', 'ISLAM', 0),
('181907005', 4, 'Awal Nur Hakim', '2006-06-10', 'ISLAM', 0),
('181907006', 4, 'Clarissa Aprianti', '2006-04-12', 'PROTESTAN', 0),
('181907007', 4, 'Clea Shiva Mayuri', '2006-03-03', 'ISLAM', 0),
('181907008', 4, 'Dendi Pirmansyah', '2004-12-12', 'ISLAM', 0),
('181907009', 4, 'Dendy Duta Dafansyah', '2005-12-06', 'ISLAM', 0),
('181907010', 4, 'Eki Pratama Mulya', '2005-11-24', 'ISLAM', 0),
('181907011', 4, 'Farid Hidayat', '2006-02-03', 'ISLAM', 0),
('181907012', 4, 'Indra Saputra', '2006-02-20', 'ISLAM', 0),
('181907013', 4, 'Julian Pratama', '2005-07-20', 'ISLAM', 0),
('181907014', 4, 'M. FEBRIYANTO', '2005-02-07', 'ISLAM', 0),
('181907015', 4, 'Muhammad Alamsyah', '2005-12-08', 'ISLAM', 0),
('181907016', 4, 'Muhamad Daffa', '2005-08-10', 'ISLAM', 0),
('181907017', 4, 'M. Fitrah Ramadhan', '2006-11-06', 'ISLAM', 0),
('181907018', 4, 'M. Ikbal Supriyadi', '2006-03-26', 'ISLAM', 0),
('181907019', 4, 'M. Salim', '2005-10-01', 'ISLAM', 0),
('181907020', 4, 'Mareno Restu Putra', '2006-03-11', 'ISLAM', 0),
('181907023', 4, 'Novvi Yanti Indah Safitri', '2005-11-21', 'ISLAM', 0),
('181907024', 4, 'Ramdan Ramadhan', '2005-11-02', 'ISLAM', 0),
('181907025', 4, 'Ridwan', '2005-03-01', 'ISLAM', 0),
('181907026', 4, 'Rifky Fadilah', '2005-05-10', 'ISLAM', 0),
('181907027', 4, 'Riva Lugis Sakila', '2006-04-19', 'ISLAM', 0),
('181907028', 4, 'Samuel Gus Setya Putra', '2004-12-09', 'PROTESTAN', 0),
('181907029', 4, 'Siti Nurul Ilhan', '2005-04-20', 'ISLAM', 0),
('181907030', 4, 'Taliyah', '2006-12-26', 'ISLAM', 0),
('181907031', 4, 'Wanda Syakila', '2006-12-19', 'ISLAM', 0),
('181907032', 4, 'Yusuf Solahudin', '2006-01-06', 'ISLAM', 0),
('181907033', 4, 'Faryal Athallah Eriansyah', '2006-05-03', 'ISLAM', 0),
('181907035', 5, 'Abi Mustafa', '2006-08-16', 'ISLAM', 0),
('181907036', 5, 'Ahmad Lutfi Syahdilla', '2006-06-16', 'ISLAM', 0),
('181907037', 5, 'Alfian Muhammad Fathir', '2005-11-13', 'ISLAM', 0),
('181907038', 5, 'Aliyah Oktaviani', '2003-09-01', 'ISLAM', 0),
('181907039', 5, 'Ayu Amelia', '2006-05-07', 'ISLAM', 0),
('181907041', 5, 'Daffa Azzaky', '2006-07-21', 'ISLAM', 0),
('181907042', 5, 'Dania Putri Agustiana', '2004-07-17', 'ISLAM', 0),
('181907043', 5, 'Dhini Ramadhani', '2004-11-08', 'ISLAM', 0),
('181907044', 5, 'Ezra Revancello', '2005-04-02', 'PROTESTAN', 0),
('181907045', 5, 'Firly Yusmiyati', '2005-12-01', 'ISLAM', 0),
('181907046', 5, 'Gadis Bunga Pertiwi', '2006-09-02', 'ISLAM', 0),
('181907047', 5, 'Ibrahim Wijaya', '2005-09-30', 'ISLAM', 0),
('181907048', 5, 'Levi Kurniawan', '2006-05-11', 'ISLAM', 0),
('181907049', 5, 'Muhammad Kamal Ardiansyah', '2005-07-21', 'ISLAM', 0),
('181907051', 5, 'Marhani Oktaviana', '2004-10-20', 'ISLAM', 0),
('181907052', 5, 'Mario Pattinasarane', '2006-09-01', 'PROTESTAN', 0),
('181907053', 5, 'Mecelline', '2004-03-31', 'PROTESTAN', 0),
('181907054', 5, 'Muhammad Rizki', '2004-09-27', 'ISLAM', 0),
('181907055', 5, 'Nanda Putra Pratama', '2005-10-12', 'ISLAM', 0),
('181907056', 5, 'Nurul Husnah', '2006-02-13', 'ISLAM', 0),
('181907058', 5, 'Sheviana Ramadhani', '2005-10-27', 'ISLAM', 0),
('181907059', 5, 'Siti Nurkhalifah', '2006-12-05', 'ISLAM', 0),
('181907060', 5, 'Sukanto', '2005-12-05', 'ISLAM', 0),
('181907061', 5, 'Syifa Nur Andini', '2006-08-16', 'ISLAM', 0),
('181907062', 5, 'Tiara Rahmania Putri', '2005-11-28', 'ISLAM', 0),
('181907063', 5, 'Variska Amalia Putri', '2005-06-19', 'ISLAM', 0),
('181907065', 5, 'Ziyad Hadafi', '2006-02-04', 'ISLAM', 0),
('181907066', 5, 'Zulfa Noviana', '2006-11-07', 'ISLAM', 0),
('181907067', 5, 'Salsa Novitasari', '2005-11-27', 'ISLAM', 0),
('181907070', 5, 'Muhammad Luthfi Faqih', '2006-08-17', 'ISLAM', 0),
('181907071', 5, 'Adam Rizki Nursabani', '2005-09-22', 'ISLAM', 0),
('181907072', 5, 'Aditya Saputra', '2005-03-04', 'ISLAM', 0),
('192007002', 7, 'Agung Ardiyanto', '2007-01-03', 'ISLAM', 0),
('192007003', 7, 'Ahmad Duta Rossi', '2007-10-22', 'ISLAM', 0),
('192007004', 7, 'Ahmad Elvansyad', '2006-11-21', 'ISLAM', 0),
('192007005', 7, 'Andi Ahmad Givary', '2005-10-12', 'ISLAM', 0),
('192007006', 7, 'Angga Pratama Yudha', '2006-11-18', 'ISLAM', 0),
('192007007', 7, 'Arvan Saleh Hutasuhut', '2006-11-07', 'ISLAM', 0),
('192007008', 7, 'Arya Firdaus', '2006-08-11', 'PROTESTAN', 0),
('192007009', 7, 'Assadur Rofik Ramadani', '2008-10-12', 'ISLAM', 0),
('192007010', 7, 'Azzam Dhiah Ramadhan', '2007-10-07', 'ISLAM', 0),
('192007011', 7, 'Bayu Saputra', '2005-09-25', 'ISLAM', 0),
('192007012', 7, 'Darma Tarung Heriadi', '2006-04-25', 'PROTESTAN', 0),
('192007013', 7, 'Mutiara Eka Putri Manik', '2006-09-28', 'ISLAM', 0),
('192007014', 7, 'Nova Heryanti', '2005-11-23', 'ISLAM', 0),
('192007016', 7, 'Putri Aulia Hartita', '2007-08-17', 'ISLAM', 0),
('192007017', 7, 'Rani Dwi Cahya', '2006-07-04', 'ISLAM', 0),
('192007018', 7, 'Rizka Putri Aprillia', '2006-04-27', 'ISLAM', 0),
('192007019', 7, 'Rizky Andriansyah Kurniawan', '2005-02-26', 'ISLAM', 0),
('192007020', 7, 'Septiriani', '2006-09-29', 'ISLAM', 0),
('192007021', 7, 'Sevi Naila Agustin', '2006-09-02', 'ISLAM', 0),
('192007022', 7, 'Tania Aisya Ria', '2006-03-25', 'ISLAM', 0),
('192007023', 7, 'Tiara Nafisya', '2006-12-14', 'ISLAM', 0),
('192007024', 7, 'Zakiia Tri Agustin', '2007-08-03', 'ISLAM', 0),
('192007025', 6, 'Adelia Sukma', '2007-06-14', 'ISLAM', 0),
('192007026', 6, 'Adrez Silviana Putri', '2004-07-09', 'ISLAM', 0),
('192007027', 6, 'Afriyanti Pratiwi', '2007-04-09', 'ISLAM', 0),
('192007028', 6, 'Alyssa Ramadhani Turandi', '2007-09-15', 'ISLAM', 0),
('192007029', 6, 'Anisa Saskia', '2007-06-23', 'ISLAM', 0),
('192007030', 6, 'Aulia Pratama', '2006-11-17', 'ISLAM', 0),
('192007031', 6, 'Aulia Rofi', '2006-07-27', 'ISLAM', 0),
('192007032', 6, 'Della Putri Aisyah', '2007-07-13', 'ISLAM', 0),
('192007033', 6, 'Dewinta Nur Fajar', '2007-04-05', 'ISLAM', 0),
('192007034', 6, 'Dian Utami', '2007-01-06', 'ISLAM', 0),
('192007036', 6, 'Ferry Mardiansyah', '2007-03-11', 'ISLAM', 0),
('192007037', 6, 'Fikri Maulana', '2004-02-02', 'ISLAM', 0),
('192007038', 6, 'Gilang Ramadhan', '2005-09-10', 'ISLAM', 0),
('192007039', 6, 'Haikal Aditya Sabani', '2007-09-06', 'ISLAM', 0),
('192007041', 6, 'Hidayat Nur Julianto', '2007-07-02', 'ISLAM', 0),
('192007042', 6, 'Ikhsan Fadilah Hakim', '2007-02-24', 'ISLAM', 0),
('192007043', 6, 'Ivan Catur Nugroho', '2005-06-29', 'ISLAM', 0),
('192007044', 6, 'Jagat Maulana', '2008-04-21', 'ISLAM', 0),
('192007045', 6, 'Jihan Japari', '2006-01-28', 'ISLAM', 0),
('192007046', 6, 'Jordan Slamet Riadi', '2007-07-17', 'ISLAM', 0),
('192007047', 6, 'Lukman Sembada', '2007-03-22', 'ISLAM', 0),
('192007048', 6, 'Muhammad Abiyu', '2007-09-01', 'ISLAM', 0),
('192007049', 3, 'Auwale Sangadji', '2007-01-03', 'ISLAM', 0),
('192007050', 3, 'Ellyana Simanjuntak', '2007-12-07', 'PROTESTAN', 0),
('192007051', 3, 'Fatimah Zahra Opik', '2007-03-15', 'ISLAM', 0),
('192007052', 3, 'Febby Dwi Kurniawati', '2006-02-04', 'ISLAM', 0),
('192007053', 3, 'Friska Damayanti', '2007-11-06', 'ISLAM', 0),
('192007054', 3, 'Ineke Suviyah Anum', '2007-09-16', 'ISLAM', 0),
('192007055', 3, 'Jesslyne Jessieca Pattiwael', '2006-04-21', 'PROTESTAN', 0),
('192007056', 3, 'Khairunnisa Harahap', '2007-07-20', 'ISLAM', 0),
('192007058', 3, 'Maria Josepien', '2005-05-22', 'ISLAM', 0),
('192007059', 3, 'Mayla Putri Prasetyo', '2005-05-08', 'ISLAM', 0),
('192007060', 3, 'Nasywa Siti Marwah', '2007-08-05', 'ISLAM', 0),
('192007061', 3, 'Erick Adenio Rozian Hafidz', '2007-02-12', 'ISLAM', 0),
('192007062', 3, 'M. Davi Alviansyah', '2005-05-22', 'ISLAM', 0),
('192007063', 3, 'Marvin Wilsonsel', '2007-03-13', 'ISLAM', 0),
('192007064', 3, 'Muhammad Alif Ramadhan ', '2007-09-16', 'ISLAM', 0),
('192007065', 3, 'Muhammad Fadhil Akbar', '2007-05-04', 'ISLAM', 0),
('192007066', 3, 'Muhammad Rafa Baihaqi', '2007-11-02', 'ISLAM', 0),
('192007068', 3, 'Nathan Prahitna', '2007-02-16', 'ISLAM', 0),
('192007071', 3, 'Sofyan Putra Ramadhan', '2005-11-09', 'ISLAM', 0),
('192007072', 3, 'Zakyul Fuad', '2007-10-11', 'ISLAM', 0);

--
-- Indexes for dumped tables
--

--
-- Indexes for table `absen`
--
ALTER TABLE `absen`
  ADD PRIMARY KEY (`id_absen`),
  ADD KEY `kd_guru` (`kd_guru`),
  ADD KEY `nis` (`nis`),
  ADD KEY `hari` (`id_hari`),
  ADD KEY `jam` (`id_jampel`),
  ADD KEY `id_kelas` (`id_kelas`);

--
-- Indexes for table `akun`
--
ALTER TABLE `akun`
  ADD PRIMARY KEY (`id_akun`);

--
-- Indexes for table `bayar`
--
ALTER TABLE `bayar`
  ADD PRIMARY KEY (`id_bayar`),
  ADD KEY `nis` (`nis`);

--
-- Indexes for table `guru`
--
ALTER TABLE `guru`
  ADD PRIMARY KEY (`nuptk`),
  ADD KEY `id_matpel` (`id_matpel`),
  ADD KEY `kd_guru` (`kd_guru`);

--
-- Indexes for table `hari`
--
ALTER TABLE `hari`
  ADD PRIMARY KEY (`id_hari`);

--
-- Indexes for table `jadwal`
--
ALTER TABLE `jadwal`
  ADD PRIMARY KEY (`id_jadwal`),
  ADD KEY `kelas` (`id_kelas`),
  ADD KEY `id_hari` (`id_hari`),
  ADD KEY `id_jampel` (`id_jampel`),
  ADD KEY `kd_guru` (`kd_guru`);

--
-- Indexes for table `jam_pelajaran`
--
ALTER TABLE `jam_pelajaran`
  ADD PRIMARY KEY (`id_jampel`);

--
-- Indexes for table `kelas`
--
ALTER TABLE `kelas`
  ADD PRIMARY KEY (`id_kelas`),
  ADD KEY `nama_kelas` (`nama_kelas`);

--
-- Indexes for table `mata_pelajaran`
--
ALTER TABLE `mata_pelajaran`
  ADD PRIMARY KEY (`id_matpel`);

--
-- Indexes for table `siswa`
--
ALTER TABLE `siswa`
  ADD PRIMARY KEY (`nis`),
  ADD KEY `id_kelas` (`id_kelas`);

--
-- AUTO_INCREMENT for dumped tables
--

--
-- AUTO_INCREMENT for table `absen`
--
ALTER TABLE `absen`
  MODIFY `id_absen` int(11) NOT NULL AUTO_INCREMENT, AUTO_INCREMENT=1302;

--
-- AUTO_INCREMENT for table `akun`
--
ALTER TABLE `akun`
  MODIFY `id_akun` int(11) NOT NULL AUTO_INCREMENT, AUTO_INCREMENT=150;

--
-- AUTO_INCREMENT for table `bayar`
--
ALTER TABLE `bayar`
  MODIFY `id_bayar` int(11) NOT NULL AUTO_INCREMENT, AUTO_INCREMENT=13;

--
-- AUTO_INCREMENT for table `hari`
--
ALTER TABLE `hari`
  MODIFY `id_hari` int(11) NOT NULL AUTO_INCREMENT, AUTO_INCREMENT=7;

--
-- AUTO_INCREMENT for table `jadwal`
--
ALTER TABLE `jadwal`
  MODIFY `id_jadwal` int(11) NOT NULL AUTO_INCREMENT, AUTO_INCREMENT=203;

--
-- AUTO_INCREMENT for table `jam_pelajaran`
--
ALTER TABLE `jam_pelajaran`
  MODIFY `id_jampel` int(11) NOT NULL AUTO_INCREMENT, AUTO_INCREMENT=19;

--
-- AUTO_INCREMENT for table `kelas`
--
ALTER TABLE `kelas`
  MODIFY `id_kelas` int(11) NOT NULL AUTO_INCREMENT, AUTO_INCREMENT=8;

--
-- AUTO_INCREMENT for table `mata_pelajaran`
--
ALTER TABLE `mata_pelajaran`
  MODIFY `id_matpel` int(11) NOT NULL AUTO_INCREMENT, AUTO_INCREMENT=14;

--
-- Constraints for dumped tables
--

--
-- Constraints for table `absen`
--
ALTER TABLE `absen`
  ADD CONSTRAINT `absen_ibfk_1` FOREIGN KEY (`kd_guru`) REFERENCES `guru` (`kd_guru`) ON DELETE CASCADE ON UPDATE CASCADE,
  ADD CONSTRAINT `absen_ibfk_2` FOREIGN KEY (`nis`) REFERENCES `siswa` (`nis`) ON DELETE CASCADE ON UPDATE CASCADE,
  ADD CONSTRAINT `absen_ibfk_3` FOREIGN KEY (`id_hari`) REFERENCES `hari` (`id_hari`) ON DELETE CASCADE ON UPDATE CASCADE,
  ADD CONSTRAINT `absen_ibfk_4` FOREIGN KEY (`id_jampel`) REFERENCES `jam_pelajaran` (`id_jampel`) ON DELETE CASCADE ON UPDATE CASCADE,
  ADD CONSTRAINT `absen_ibfk_5` FOREIGN KEY (`id_kelas`) REFERENCES `kelas` (`id_kelas`) ON DELETE CASCADE ON UPDATE CASCADE;

--
-- Constraints for table `bayar`
--
ALTER TABLE `bayar`
  ADD CONSTRAINT `bayar_ibfk_1` FOREIGN KEY (`nis`) REFERENCES `siswa` (`nis`) ON DELETE CASCADE ON UPDATE CASCADE;

--
-- Constraints for table `guru`
--
ALTER TABLE `guru`
  ADD CONSTRAINT `guru_ibfk_1` FOREIGN KEY (`id_matpel`) REFERENCES `mata_pelajaran` (`id_matpel`) ON DELETE CASCADE ON UPDATE CASCADE;

--
-- Constraints for table `jadwal`
--
ALTER TABLE `jadwal`
  ADD CONSTRAINT `jadwal_ibfk_2` FOREIGN KEY (`id_hari`) REFERENCES `hari` (`id_hari`) ON DELETE CASCADE ON UPDATE CASCADE,
  ADD CONSTRAINT `jadwal_ibfk_3` FOREIGN KEY (`id_jampel`) REFERENCES `jam_pelajaran` (`id_jampel`) ON DELETE CASCADE ON UPDATE CASCADE,
  ADD CONSTRAINT `jadwal_ibfk_4` FOREIGN KEY (`kd_guru`) REFERENCES `guru` (`kd_guru`) ON DELETE CASCADE ON UPDATE CASCADE,
  ADD CONSTRAINT `jadwal_ibfk_5` FOREIGN KEY (`id_kelas`) REFERENCES `kelas` (`id_kelas`) ON DELETE CASCADE ON UPDATE CASCADE;

--
-- Constraints for table `siswa`
--
ALTER TABLE `siswa`
  ADD CONSTRAINT `siswa_ibfk_1` FOREIGN KEY (`id_kelas`) REFERENCES `kelas` (`id_kelas`) ON DELETE CASCADE ON UPDATE CASCADE;
COMMIT;

/*!40101 SET CHARACTER_SET_CLIENT=@OLD_CHARACTER_SET_CLIENT */;
/*!40101 SET CHARACTER_SET_RESULTS=@OLD_CHARACTER_SET_RESULTS */;
/*!40101 SET COLLATION_CONNECTION=@OLD_COLLATION_CONNECTION */;
